1,Skippad,4 Knutson Lane,Gongju,,,South Korea,82-(725)156-2285
2,Zoozzy,6545 Colorado Alley,Annopol,,23-235,Poland,48-(286)145-6758
3,Photobug,56 Monterey Hill,Sanshilipu,,,China,86-(306)565-1929
4,Buzzshare,76676 Heath Street,Xibing,,,China,86-(182)861-5600
5,Realpoint,47 Maple Wood Plaza,Xiangfu,,,China,86-(381)304-2528
6,Zooxo,70583 Vahlen Way,Zárkos,,,Greece,30-(464)172-7508
7,Oozz,80166 Steensland Park,La Serena,,,Chile,56-(134)963-2920
8,Topicshots,9032 Nevada Way,Chisec,,18006,Guatemala,502-(296)768-8154
9,Skimia,2787 Hollow Ridge Place,Cabanbanan,,4010,Philippines,63-(701)304-7807
10,Fadeo,0226 Forest Run Avenue,Zizhao,,,China,86-(260)362-0357
11,Youbridge,005 Vermont Avenue,Shicheng,,,China,86-(198)575-8565
12,Skimia,07 4th Pass,Tadou,,,China,86-(395)110-6013
13,Skaboo,9 Riverside Terrace,Longtan,,,China,86-(870)705-4426
14,Gigaclub,45351 Elgar Drive,Urazovo,,309975,Russia,7-(464)527-9923
15,Wikivu,15331 Center Center,Qiaonan,,,China,86-(701)558-2552
16,Flipopia,9 Butternut Plaza,Laval,Québec,H7S,Canada,1-(548)739-1828
17,Dynabox,16 Linden Avenue,Soras,,,Peru,51-(371)420-6150
18,Blogtag,8287 Miller Point,Stockholm,Stockholm,121 29,Sweden,46-(139)561-1348
19,Centidel,06 American Ash Trail,Ruma,,,Serbia,381-(597)441-3337
20,Shufflebeat,5989 Hansons Road,Dongcheng,,,China,86-(749)300-1354
21,Twitterwire,27028 Golden Leaf Court,Taveiro,Coimbra,3045-451,Portugal,351-(892)960-5301
22,Zazio,124 Raven Pass,Kaliwates,,,Indonesia,62-(998)853-6522
23,Jabberbean,33757 Fairfield Park,Kalangan,,,Indonesia,62-(461)953-4862
24,Skinder,2 Coolidge Point,Opatówek,,62-860,Poland,48-(538)600-4351
25,Topicware,78 Anhalt Avenue,Jiangwan,,,China,86-(254)135-8699
26,InnoZ,2 Northwestern Center,Langensari,,,Indonesia,62-(169)848-0027
27,Centidel,42220 Blackbird Circle,Jindong,,,China,86-(663)766-3792
28,Voonix,84245 Utah Street,Mar’ina Roshcha,,901993,Russia,7-(299)378-1757
29,Kanoodle,90103 Hazelcrest Junction,Beigong,,,China,86-(105)657-3795
30,Eare,13 Bellgrove Road,Repnoye,,413244,Russia,7-(421)195-2043
31,Vinte,50559 Russell Center,Bira,,679130,Russia,7-(749)816-3641
32,Zooveo,381 Dahle Trail,Kotauneng,,,Indonesia,62-(844)461-6062
33,Cogilith,914 Raven Crossing,Tessalit,,,Mali,223-(928)424-7582
34,Riffpath,97138 Warrior Place,Stockholm,Stockholm,112 50,Sweden,46-(257)164-2374
35,Eazzy,85 Northport Drive,Pilang,,,Indonesia,62-(401)330-0365
36,Meemm,9 Banding Parkway,Roblin,Manitoba,R7N,Canada,1-(284)865-3917
37,Oyondu,7 Twin Pines Alley,Jiyang,,,China,86-(150)366-6783
38,Topiczoom,7098 Hermina Junction,Stockholm,Stockholm,113 39,Sweden,46-(252)983-9094
39,Quinu,3 Mayfield Street,Wasogolo,,,Indonesia,62-(355)595-0732
40,Voomm,00 Green Ridge Junction,Carquefou,Pays de la Loire,44474 CEDEX,France,33-(477)725-6426
41,Meevee,224 Dexter Road,Xiangshui,,,China,86-(185)785-6685
42,Gigabox,471 Debra Trail,Xiyuan,,,China,86-(133)135-5955
43,Aivee,325 Hudson Center,Kariya,,969-1619,Japan,81-(456)509-7374
44,Centizu,01577 Mcguire Hill,Resende,,27500-000,Brazil,55-(233)795-2370
45,Aibox,90 Waxwing Plaza,Damāvand,,,Iran,98-(678)690-0040
46,Quinu,01 Hazelcrest Place,Miass,,456306,Russia,7-(787)973-2314
47,Mynte,9 Clove Way,Caleufú,,6387,Argentina,54-(267)269-8235
48,Jabbertype,52 Talisman Place,Fanzhen,,,China,86-(115)245-2570
49,Jaxspan,05 Jana Street,Akbarābād,,,Iran,98-(789)636-9593
50,Photofeed,29967 Truax Center,Dawu Chengguanzhen,,,China,86-(578)409-8654
51,Oyoba,43 Beilfuss Road,Itaquyry,,,Paraguay,595-(539)355-6404
52,Wordware,9674 Clyde Gallagher Avenue,Nizhnyaya Maktama,,423440,Russia,7-(673)264-0624
53,Edgetag,369 Victoria Junction,Jawf al Maqbābah,,,Yemen,967-(152)431-0245
54,Dabshots,438 Schurz Lane,Oliveira de Frades,Viseu,3680-077,Portugal,351-(659)907-3849
55,Yambee,60545 Muir Lane,Hengshi,,,China,86-(416)227-2143
56,Wikibox,72 Mayer Place,Lonpao Dajah,,,Indonesia,62-(109)564-4781
57,Dynabox,0 Hansons Crossing,Sanli,,,China,86-(888)133-9559
58,Trupe,2 Sunnyside Street,Ḩarf al Musaytirah,,,Syria,963-(315)760-4980
59,Gabvine,654 Upham Junction,Köping,Västmanland,731 27,Sweden,46-(697)505-0111
60,Linkbuzz,50 Hagan Plaza,El Dividive,,,Venezuela,58-(453)121-0325
61,Yodoo,0681 Sheridan Drive,Futu,,,China,86-(108)288-5444
62,Flipstorm,95 Anhalt Place,Jeonju,,,South Korea,82-(489)822-8093
63,Linkbridge,18513 Logan Center,Cijambe,,,Indonesia,62-(386)580-7880
64,Blogtags,32995 Fairview Trail,El Paso,Texas,79977,United States,1-(915)897-1781
65,Camimbo,10 Rowland Crossing,Bang Racham,,16130,Thailand,66-(534)286-6298
66,Trilia,2882 Fairfield Hill,Pojok,,,Indonesia,62-(363)779-3156
67,Jetpulse,7107 Eastwood Alley,Cibitung,,,Indonesia,62-(993)406-6095
68,Leexo,1596 Hanson Pass,Haruman,,,Indonesia,62-(406)693-9036
69,Skidoo,28176 Crownhardt Way,Västerås,Västmanland,721 37,Sweden,46-(125)934-7135
70,Realpoint,8711 Grasskamp Place,Banja Luka,,,Bosnia and Herzegovina,387-(516)860-3707
71,Tazz,7251 Chive Circle,Januária,,39480-000,Brazil,55-(485)429-0822
72,Dynabox,05166 Bartelt Terrace,Kembang,,,Indonesia,62-(797)172-1561
73,Jetpulse,0744 Prairieview Drive,Soloneshnoye,,659690,Russia,7-(380)428-5477
74,Demizz,2 Dunning Pass,Soest,Provincie Utrecht,3764,Netherlands,31-(669)286-5623
75,Wordpedia,65 Little Fleur Pass,Xinshi,,,China,86-(933)234-2690
76,Devpulse,0687 Magdeline Lane,An Nāşirīyah,,,Iraq,964-(666)616-8313
77,Skibox,683 8th Place,Apodi,,59700-000,Brazil,55-(743)479-0356
78,Talane,7 North Circle,Neẖalim,,,Israel,972-(221)417-1577
79,Wikido,44133 Loftsgordon Plaza,Frolovo,,403538,Russia,7-(472)932-0068
80,Muxo,18646 Shelley Street,Yangyu,,,China,86-(847)989-0693
81,Agimba,4 Golf Street,Tayzhina,,143814,Russia,7-(622)617-5825
82,Trunyx,83327 Spohn Hill,Saladas,,3420,Argentina,54-(590)411-0602
83,Eadel,04671 Becker Way,Rimouski,Québec,G5N,Canada,1-(581)630-1837
84,Kwilith,1 Crowley Avenue,Carregal,Aveiro,3800-854,Portugal,351-(746)567-2047
85,Jabbertype,742 Walton Hill,Sumbergedong,,,Indonesia,62-(582)529-8373
86,Ozu,024 Oak Valley Place,Łeba,,84-360,Poland,48-(520)808-2687
87,Kayveo,840 Green Crossing,Helsingborg,Skåne,251 08,Sweden,46-(567)968-6811
88,Izio,21574 Monterey Pass,Rejoso,,,Indonesia,62-(555)606-3113
89,Muxo,125 Banding Drive,Libog,,3905,Philippines,63-(341)603-7921
90,Quinu,012 Redwing Road,Ivanec,,42240,Croatia,385-(626)422-5793
91,Photobug,34689 Rusk Center,Tournon-sur-Rhône,Rhône-Alpes,07304 CEDEX,France,33-(199)943-4152
92,Wordpedia,324 Service Junction,Luokeng,,,China,86-(767)783-0964
93,Quimm,8 Sommers Terrace,Ziroudani,,,Comoros,269-(886)521-6395
94,Twiyo,05873 Hayes Park,Cotorra,,230507,Colombia,57-(273)476-2433
95,Devcast,8 Rockefeller Plaza,Kulun,,,China,86-(849)868-7341
96,Voonyx,234 3rd Street,Saint-Lambert-de-Lauzon,Québec,V6L,Canada,1-(284)349-9251
97,Fatz,2971 3rd Junction,Mosteirô,Porto,4785-210,Portugal,351-(375)851-5522
98,Skimia,23276 West Way,Oriximiná,,68270-000,Brazil,55-(822)217-9710
99,Bluezoom,861 Sheridan Avenue,Krzyżanów,,99-314,Poland,48-(210)647-9397
100,Quinu,5 Moulton Point,Las Flores,Oaxaca,70317,Mexico,52-(134)620-7033
101,Photobug,4 Mccormick Trail,Ansermanuevo,,762018,Colombia,57-(663)558-0128
102,Skiptube,4 Beilfuss Trail,Kāmyārān,,,Iran,98-(179)596-0173
103,Flipstorm,3 Di Loreto Street,Swellendam,,6743,South Africa,27-(181)574-9742
104,Quatz,938 Briar Crest Lane,Sathing Phra,,44150,Thailand,66-(156)655-0145
105,Yambee,81615 Becker Place,Thionville,Lorraine,57119 CEDEX,France,33-(360)137-0233
106,Zoomcast,44 Knutson Street,Poctol,,7416,Philippines,63-(213)290-9208
107,Kanoodle,9 Elgar Parkway,Tongole,,,Sierra Leone,232-(695)912-9988
108,Zoomzone,96241 Steensland Point,Bang Bo,,10560,Thailand,66-(528)317-5172
109,Quire,08 Heffernan Plaza,Ḥurfeish,,,Israel,972-(652)771-3966
110,Bubbletube,6 Moulton Point,Cikulina,,,Indonesia,62-(665)658-7538
111,Demivee,39498 Little Fleur Court,Meipu,,,China,86-(718)218-2570
112,Kayveo,795 Susan Park,Vila Chã,Viseu,3505-209,Portugal,351-(572)356-6642
113,Topicware,6119 Sundown Drive,Narutō,,289-1343,Japan,81-(591)142-4064
114,Shufflester,110 Sloan Alley,Infanta,,4336,Philippines,63-(159)833-3381
115,Kare,2370 Leroy Circle,Jincheng,,,China,86-(145)917-1134
116,Wordtune,5042 Ridgeway Junction,Hedong,,,China,86-(237)843-6678
117,Demizz,82803 Golf Circle,Chamouny,,,Mauritius,230-(426)780-4415
118,Flipopia,12 Jackson Plaza,Ryazanskiy,,306824,Russia,7-(848)673-3324
119,Rhycero,847 Eliot Center,Kutamangu,,,Indonesia,62-(490)216-5275
120,Dynabox,62491 Hauk Avenue,Ekasapta,,,Indonesia,62-(924)685-2631
121,Brainsphere,4242 Barnett Way,Huzhuang,,,China,86-(249)560-4218
122,Browseblab,07728 Iowa Street,Veldhoven,Provincie Noord-Brabant,5509,Netherlands,31-(857)282-4171
123,Voonix,2031 Fulton Circle,Bassar,,,Togo,228-(475)392-7277
124,Topicware,67 4th Avenue,Juan Santiago,,11112,Dominican Republic,1-(460)375-7184
125,Meetz,6558 Valley Edge Pass,Haquira,,,Peru,51-(744)624-1588
126,Kazio,86 Bultman Circle,Salaš Crnobarski,,,Serbia,381-(234)145-9855
127,Zazio,88 Longview Road,Bayt Qād,,,Palestinian Territory,970-(142)802-2865
128,Aimbu,122 Thackeray Point,Ramiriquí,,153457,Colombia,57-(451)940-5092
129,Roodel,3 Anderson Alley,Aygavan,,,Armenia,374-(920)476-9165
130,Myworks,07532 Rigney Way,Nizhneivkino,,612091,Russia,7-(418)228-0356
131,Browsetype,7 Thompson Parkway,Novoaltaysk,,658089,Russia,7-(893)655-4040
132,Kazu,28041 Warrior Court,Hengjian,,,China,86-(302)423-7020
133,Zooxo,5546 Transport Way,Kedungdowo,,,Indonesia,62-(230)333-9264
134,Meezzy,852 Warrior Hill,Tigre,,3350,Argentina,54-(692)992-3116
135,Topicblab,335 Boyd Way,Tippi,,,Ethiopia,251-(782)512-7134
136,Wikizz,10077 David Street,Bailu,,,China,86-(935)760-2875
137,Yacero,915 Di Loreto Hill,Lühua,,,China,86-(263)951-5320
138,Photobug,1490 Macpherson Circle,Pariaman,,,Indonesia,62-(766)231-8943
139,Skinte,9604 Cherokee Point,Perbaungan,,,Indonesia,62-(583)381-4267
140,Demizz,93 Oxford Park,Flor da Rosa,Portalegre,7430-215,Portugal,351-(176)343-3722
141,Layo,6 Reinke Trail,Palalang,,,Indonesia,62-(332)137-5743
142,Wikizz,85 Browning Park,El Paso,Texas,88541,United States,1-(915)271-4819
143,Oyondu,64 Montana Hill,Penitik,,,Indonesia,62-(687)429-1586
144,Dabtype,4 Bluejay Terrace,Spytkowice,,34-745,Poland,48-(202)535-2269
145,Oyondu,60 South Place,Song’ao,,,China,86-(366)992-8846
146,Divanoodle,18 Weeping Birch Court,Nong Phok,,45210,Thailand,66-(647)174-4256
147,Brainsphere,7 High Crossing Center,Gudurica,,,Serbia,381-(195)443-2559
148,Bubblebox,15 Bunting Circle,Babat,,,Indonesia,62-(182)417-1308
149,Meetz,4978 Miller Street,Sumoto,,656-2225,Japan,81-(827)142-0959
150,Devpoint,4755 Hintze Lane,Huichang,,,China,86-(704)920-5042
151,Cogibox,050 Clemons Center,Yukuriawat,,,China,86-(682)916-3497
152,Flashdog,208 Northport Drive,Rabak,,,Sudan,249-(747)885-1675
153,Tagfeed,2 Oakridge Junction,Marbel,,9406,Philippines,63-(254)782-1684
154,Skimia,6 Maryland Parkway,Cachí,,4417,Argentina,54-(476)772-8901
155,Agivu,458 Crowley Terrace,Nový Malín,,788 03,Czech Republic,420-(407)197-1875
156,Buzzshare,115 Oakridge Avenue,Fresno,California,93726,United States,1-(209)719-5732
157,Photospace,43630 Onsgard Avenue,Trélissac,Aquitaine,24758 CEDEX,France,33-(952)835-6099
158,Aimbu,03453 Forest Run Circle,La Calera,,4158,Argentina,54-(843)955-0760
159,Trunyx,58951 Victoria Terrace,Mogilany,,32-031,Poland,48-(702)276-2645
160,Jabberbean,2 Packers Avenue,Santa Quitéria do Maranhão,,65540-000,Brazil,55-(479)397-3224
161,Mymm,8 Derek Pass,Sebulu,,,Indonesia,62-(932)269-4459
162,Babbleset,99 Graceland Junction,Maszkienice,,32-854,Poland,48-(357)722-7011
163,Trudeo,6748 Susan Circle,Cotuí,,10210,Dominican Republic,1-(146)249-3607
164,Livetube,756 Cambridge Street,Saint-Quentin-Fallavier,Rhône-Alpes,38293 CEDEX,France,33-(660)646-3596
165,Edgetag,293 Reindahl Circle,Shitang,,,China,86-(254)969-4284
166,Topicshots,2 Crest Line Parkway,Dallas,Texas,75216,United States,1-(972)783-7936
167,Leenti,4886 Huxley Street,Neietsu,,,South Korea,82-(976)656-0748
168,Meevee,8 Brickson Park Avenue,Bromma,Stockholm,168 37,Sweden,46-(551)628-5144
169,Voonix,49081 Green Ridge Lane,Zhaike,,,China,86-(508)271-3978
170,Vinder,7880 Gateway Parkway,Melfort,Saskatchewan,B3H,Canada,1-(913)914-5003
171,Twitterworks,931 Evergreen Place,San Juan de Mata,,6131,Philippines,63-(951)616-9113
172,Ntags,6999 Melvin Street,Fonte da Aldeia,Bragança,5210-325,Portugal,351-(842)933-8883
173,Gabspot,3 Esch Circle,Gaoshi,,,China,86-(636)871-4336
174,Browsebug,236 Merrick Way,Piñahan,,1100,Philippines,63-(174)185-8889
175,Skippad,2509 Dawn Parkway,Guiwu,,,China,86-(708)997-3988
176,Viva,7441 Elka Drive,Bilajari,,,Azerbaijan,994-(285)297-7658
177,Cogilith,10 Lakewood Gardens Parkway,Rotterdam,Provincie Zuid-Holland,3094,Netherlands,31-(387)487-3823
178,Edgetag,23120 Monument Point,Anau,,,French Polynesia,689-(837)135-4429
179,Topicshots,1443 Golden Leaf Trail,Tešanj,,,Bosnia and Herzegovina,387-(572)798-0253
180,Fatz,000 Tennyson Alley,Juhaynah,,,Egypt,20-(151)196-3811
181,Devify,4705 Springview Point,Nepomuceno,,37250-000,Brazil,55-(414)474-2990
182,Fanoodle,5292 Thompson Point,Chashan,,,China,86-(711)815-1861
183,Nlounge,5558 2nd Way,Katsina,,,Nigeria,234-(364)194-5402
184,Mynte,978 Truax Street,Léchovo,,,Greece,30-(359)245-4562
185,Kaymbo,20 7th Parkway,Ke’erlun,,,China,86-(533)515-4695
186,Kazu,78978 Moulton Center,Rautjärvi,,56610,Finland,358-(964)115-2241
187,Skyvu,86 Maywood Avenue,Reni,,,Ukraine,380-(147)120-6996
188,Kwimbee,1994 Reindahl Lane,Kruisfontein,,2661,South Africa,27-(480)524-2871
189,Yakitri,78 Northview Circle,Tobatí,,,Paraguay,595-(505)781-8025
190,Centizu,3378 Carpenter Street,Saint-Lô,Basse-Normandie,50951 CEDEX 9,France,33-(192)341-6286
191,Yambee,108 Fieldstone Place,Xingguo,,,China,86-(231)381-7288
192,Innojam,19510 Hanson Pass,Umingan,,2443,Philippines,63-(157)555-0298
193,Linktype,21 Holmberg Hill,Rondonópolis,,78700-000,Brazil,55-(162)615-5832
194,Tavu,84016 Kennedy Place,Buenavista,Oaxaca,71730,Mexico,52-(812)415-7628
195,Youtags,73209 Comanche Avenue,Butubut Norte,,2517,Philippines,63-(757)227-4258
196,Yodoo,2911 Carey Parkway,Vília,,,Greece,30-(232)876-5568
197,Demivee,94 Fairview Street,Libas,,9212,Philippines,63-(647)922-5447
198,Twimm,3600 Dwight Hill,Balangiga,,6812,Philippines,63-(365)527-1672
199,Meedoo,503 Atwood Crossing,Wu’erbu Baolige,,,China,86-(341)962-5388
200,Centidel,85 Kenwood Terrace,Litian,,,China,86-(551)829-2929
201,Youopia,1 Spohn Trail,Sewon,,,Indonesia,62-(681)318-2353
202,Wikibox,80626 Gale Circle,Leigu,,,China,86-(139)313-5558
203,Mynte,89639 Amoth Place,Gualeguay,,2840,Argentina,54-(490)568-8733
204,Tagfeed,2 Namekagon Park,Ipubi,,56260-000,Brazil,55-(520)399-3095
205,Oyonder,1 Esch Road,Negeriagung,,,Indonesia,62-(887)257-2960
206,Agivu,9887 Ronald Regan Drive,Yanjiang,,,China,86-(396)195-9616
207,Jaloo,6 Reindahl Pass,Longxi,,,China,86-(445)482-0853
208,Pixoboo,90945 Pankratz Place,Pasirmalang,,,Indonesia,62-(247)181-2202
209,Jaxworks,02542 Acker Parkway,Reguengos de Monsaraz,Évora,7200-252,Portugal,351-(227)655-2114
210,Feedmix,96769 Dennis Road,Kabarnet,,,Kenya,254-(520)570-4290
211,Yodel,08 Kipling Hill,Paris La Défense,Île-de-France,92929 CEDEX,France,33-(358)573-0517
212,Einti,7 Mcguire Road,Tapado,Porto,4640-580,Portugal,351-(530)918-9341
213,Quinu,23538 Green Trail,Manzë,,,Albania,355-(178)382-5194
214,Topicblab,6211 Jay Terrace,Nueva Loja,,,Ecuador,593-(234)334-7159
215,Devpulse,7 Grover Point,Armstrong,British Columbia,M9R,Canada,1-(784)266-1856
216,Lajo,53213 Summer Ridge Place,Mata,Porto,4620-816,Portugal,351-(546)509-5910
217,Agivu,05036 East Terrace,Shangzhuang,,,China,86-(937)580-3413
218,Tekfly,50371 Carberry Way,Cerro Punta,,,Panama,507-(693)847-1684
219,Mycat,2 Oneill Pass,Anggana,,,Indonesia,62-(465)414-1680
220,Realbridge,94 Gale Junction,Mikhaylovsk,,243421,Russia,7-(732)164-7209
221,Cogibox,35 7th Point,Nuevo Chamelecón,,,Honduras,504-(872)794-6924
222,Brainverse,30453 Del Mar Plaza,Las Varillas,,5940,Argentina,54-(699)337-7229
223,Oyoyo,213 Mayfield Terrace,Myadzyel,,,Belarus,375-(901)843-8234
224,Jabbertype,42698 Mariners Cove Crossing,Panolan,,,Indonesia,62-(449)821-5844
225,Rhynoodle,236 East Hill,Keboireng,,,Indonesia,62-(894)422-0873
226,Eabox,640 Anzinger Street,Pogwizdów,,43-418,Poland,48-(974)189-4676
227,Babbleset,0 Ryan Park,Altavista,Tamaulipas,87900,Mexico,52-(944)881-9541
228,Flashdog,3 Green Crossing,Anulid,,2424,Philippines,63-(209)947-7665
229,Zava,05415 Oriole Place,Sindangkerta,,,Indonesia,62-(801)957-5076
230,LiveZ,3 Sheridan Terrace,Kuroiso,,325-0017,Japan,81-(810)664-7867
231,Twiyo,084 Ilene Terrace,Liliana,,,Indonesia,62-(105)452-9242
232,Rhynyx,1378 Katie Avenue,Bodzechów,,27-420,Poland,48-(324)307-1116
233,Mita,80517 Summer Ridge Street,Uspenka,,,Ukraine,380-(510)609-1264
234,Zazio,07686 Cardinal Avenue,Libenge,,,Democratic Republic of the Congo,242-(900)171-9238
235,Eidel,611 Hermina Point,Primorka,,346870,Russia,7-(604)431-7527
236,Gigazoom,432 Marcy Avenue,Täby,Stockholm,183 15,Sweden,46-(523)797-1160
237,Janyx,8300 Myrtle Center,Shuangshi,,,China,86-(465)199-7011
238,Roomm,11 Melby Lane,Gimry,,368959,Russia,7-(149)518-6738
239,Yodo,04248 Anthes Point,Youkaichi,,958-0052,Japan,81-(814)861-9901
240,Wordtune,3580 Park Meadow Avenue,Armenia,,630008,Colombia,57-(458)658-7572
241,JumpXS,16 Cottonwood Park,Kertasari,,,Indonesia,62-(394)640-1108
242,LiveZ,96 Weeping Birch Drive,Hengbanqiao,,,China,86-(679)788-6121
243,Brainbox,4 John Wall Junction,Bobon,,6401,Philippines,63-(531)816-1773
244,Eidel,85 Park Meadow Junction,Shkotovo,,692815,Russia,7-(107)958-6066
245,Divanoodle,189 Kennedy Street,Jackson,Mississippi,39216,United States,1-(601)787-5521
246,Jetwire,50 International Road,Pyrgetós,,,Greece,30-(291)966-2645
247,Thoughtbridge,754 Chinook Plaza,Mekarjaya Satu,,,Indonesia,62-(320)447-1099
248,Jaxspan,62 Beilfuss Crossing,San Antonio,,4503,Argentina,54-(948)871-7128
249,Thoughtmix,2 Bunker Hill Hill,Kool Tengah,,,Indonesia,62-(249)396-4740
250,Skiptube,77062 Trailsway Point,San Andrés,,17004,Guatemala,502-(177)646-7859
251,Dynabox,1 Mockingbird Trail,Jaworzynka,,43-476,Poland,48-(127)534-6198
252,Oodoo,42 Superior Road,Ceuta,Ceuta,51005,Spain,34-(817)381-5574
253,Yamia,77 Delladonna Alley,Nangka,,1808,Philippines,63-(504)188-2373
254,Jabbersphere,1739 Schlimgen Parkway,Golina,,62-590,Poland,48-(388)382-1998
255,Fliptune,5975 Grover Drive,Pécs,Baranya,7621,Hungary,36-(692)857-4731
256,Cogibox,7 Sheridan Place,Orsk,,462409,Russia,7-(677)483-3664
257,Camimbo,9 Manitowish Trail,Shchelkovo,,682482,Russia,7-(127)261-4106
258,Avamba,89 Moland Avenue,Oni,,,Indonesia,62-(861)620-6167
259,Edgeclub,2044 Kim Terrace,Kuala Lumpur,Kuala Lumpur,57990,Malaysia,60-(542)536-3710
260,Quinu,188 Mcguire Alley,Tagoloan,,9222,Philippines,63-(115)316-8000
261,Kimia,32976 Summer Ridge Road,‘Ayn an Nasr,,,Syria,963-(127)726-8044
262,Gabtype,02537 Reinke Drive,Al Fayyūm,,,Egypt,20-(914)672-3681
263,Photospace,78 Cody Place,Whitchurch,England,BS14,United Kingdom,44-(673)144-6506
264,Gabvine,62797 Bellgrove Trail,Dingdian,,,China,86-(674)673-0291
265,Edgewire,7524 Lotheville Plaza,Gul’cha,,,Kyrgyzstan,996-(593)377-0739
266,Shuffletag,0 Kinsman Road,Kotuń,,08-130,Poland,48-(748)245-7095
267,Dynabox,8615 Thackeray Drive,Cherëmukhovo,,624475,Russia,7-(601)617-7774
268,Browsebug,1 Blue Bill Park Street,Solo,,4203,Philippines,63-(576)384-3074
269,Rhyloo,02 Anzinger Trail,Lindavista,Michoacan De Ocampo,58140,Mexico,52-(765)392-2638
270,Tagfeed,4977 Jenifer Avenue,Bergem,,L-3318,Luxembourg,352-(116)902-0682
271,Feedfish,797 Thompson Court,Guohua,,,China,86-(793)869-0268
272,Skimia,36012 Ludington Avenue,Sakaraha,,,Madagascar,261-(518)341-7447
273,Yoveo,153 Butterfield Plaza,Xingguo,,,China,86-(330)619-1991
274,Mynte,2106 Manley Pass,Thành Phố Hà Giang,,,Vietnam,84-(564)355-1175
275,Latz,5 Dexter Lane,Photharam,,70120,Thailand,66-(593)936-6227
276,Blogtags,01 Randy Lane,Verkhniy Kurkuzhin,,361515,Russia,7-(969)761-8239
277,Geba,8 Oakridge Court,Póvoa,Leiria,2460-402,Portugal,351-(489)459-9602
278,Meedoo,4201 6th Park,Shunhe,,,China,86-(661)751-6005
279,Jatri,45 3rd Park,Padasono,,,Indonesia,62-(882)552-0040
280,Gabspot,3 Rigney Drive,København,Region Hovedstaden,1728,Denmark,45-(250)525-5171
281,Yombu,8 Emmet Lane,Song’ao,,,China,86-(560)883-2868
282,Blogspan,39095 Vahlen Avenue,Langtad,,4022,Philippines,63-(125)706-8190
283,Oyoba,597 Russell Crossing,Tunzhai,,,China,86-(745)691-7791
284,Trilith,8502 Union Circle,Digne-les-Bains,Provence-Alpes-Côte d'Azur,04990 CEDEX 9,France,33-(558)715-3433
285,Babbleopia,99395 Anzinger Hill,Wuluo,,,China,86-(660)414-0269
286,Edgeify,49733 Truax Crossing,Gorskaya,,197755,Russia,7-(133)643-2046
287,Roombo,7174 Judy Road,Pavliš,,,Serbia,381-(283)766-0217
288,Yata,11252 Kensington Center,Yinying,,,China,86-(353)694-9535
289,Dablist,485 Calypso Trail,Novo Aripuanã,,69260-000,Brazil,55-(581)873-9506
290,Fivebridge,13 Packers Plaza,Pražmo,,739 04,Czech Republic,420-(327)213-0667
291,Twinte,8 Sunnyside Point,Tianchi,,,China,86-(331)279-4143
292,Tagcat,7 Kensington Park,Montfort-sur-Meu,Bretagne,35164 CEDEX,France,33-(816)815-5585
293,Avamba,2 Sutteridge Court,Prostřední Bečva,,756 56,Czech Republic,420-(464)993-2220
294,Gevee,7 Kim Road,Jiannan,,,China,86-(695)191-7402
295,Rhyloo,509 Morning Park,Vincennes,Île-de-France,94685 CEDEX,France,33-(774)807-1757
296,Tanoodle,9 Morning Terrace,Molsheim,Alsace,67124 CEDEX,France,33-(127)119-2996
297,Teklist,889 Barby Park,Thành Phố Hà Giang,,,Vietnam,84-(626)787-1755
298,Zoombox,3 Moose Crossing,Pinega,,164610,Russia,7-(620)623-9910
299,Twinte,405 Hagan Place,Thị Trấn Nguyên Bình,,,Vietnam,84-(185)677-4221
300,Skippad,572 Russell Pass,Haguimit,,6117,Philippines,63-(721)295-6529
301,Shuffledrive,65 Mcbride Crossing,Limoges,Limousin,87077 CEDEX 9,France,33-(462)678-5530
302,Feednation,430 Anderson Hill,Jinshan,,,China,86-(938)708-7771
303,Trilia,74 Pankratz Plaza,Napenay,,3706,Argentina,54-(758)279-8225
304,Eadel,3860 Hoard Terrace,Bastos,,17690-000,Brazil,55-(687)609-9046
305,Avaveo,652 Spaight Place,Weixin,,,China,86-(679)112-7455
306,Mycat,06894 Oneill Court,Tatrang,,,China,86-(558)267-0213
307,Photolist,571 Quincy Place,Margahayukencana,,,Indonesia,62-(583)382-6343
308,Youfeed,8 Myrtle Center,Vranje,,,Serbia,381-(527)371-5138
309,Janyx,67 Hermina Park,Bogorodsk,,607605,Russia,7-(435)376-8344
310,Kamba,15 Arapahoe Drive,Evijärvi,,62501,Finland,358-(704)658-9046
311,Brainbox,57 Fremont Center,Synya,,169645,Russia,7-(563)216-8591
312,Kimia,6546 Debs Pass,Soreang,,,Indonesia,62-(477)708-3228
313,Rhyzio,9 Summit Way,Baranovichi,,,Belarus,375-(909)716-5407
314,Feedfire,49636 Eastwood Crossing,El Progreso,,,Panama,507-(731)917-4521
315,Dablist,923 New Castle Road,Tamanan,,,Indonesia,62-(835)979-5806
316,Buzzbean,177 Golden Leaf Crossing,Wu’erqihan,,,China,86-(511)763-7942
317,Voomm,76540 Larry Trail,Gominhães,Braga,4800-424,Portugal,351-(235)292-0838
318,Chatterpoint,6 Evergreen Junction,Nsukka,,,Nigeria,234-(511)680-1155
319,Blogpad,6882 Fulton Junction,Bolesławiec,,98-430,Poland,48-(537)938-1327
320,Gabtune,09 Clarendon Park,Sacramento,California,95818,United States,1-(530)684-1849
321,Oozz,23 Kings Road,Panjgūr,,93000,Pakistan,92-(683)785-2359
322,Latz,5 South Drive,Caculé,,46300-000,Brazil,55-(953)555-9023
323,Youtags,0673 Messerschmidt Hill,Samut Songkhram,,75110,Thailand,66-(824)799-0673
324,Kimia,24 Grover Terrace,Idanha-a-Nova,Castelo Branco,6060-104,Portugal,351-(853)234-7332
325,Avavee,50 Banding Circle,Timpas,,5805,Philippines,63-(949)801-4611
326,Edgeclub,60 Lunder Junction,Bom Despacho,,35600-000,Brazil,55-(840)854-5152
327,Skibox,83733 Dottie Terrace,Sancang,,,China,86-(876)281-2077
328,Kazu,9375 Sutteridge Road,Nizhneivkino,,612091,Russia,7-(777)132-9530
329,Blogtag,72013 Lakewood Gardens Place,Fangjun,,,China,86-(197)797-9487
330,Fiveclub,1 Harbort Avenue,Zhishan,,,China,86-(206)422-4948
331,Brainlounge,5222 Springs Parkway,Yengiawat,,,China,86-(667)545-9581
332,Oyope,999 Pepper Wood Center,Tan-Tan,,,Morocco,212-(787)376-4544
333,Leenti,3 Grayhawk Drive,Sanski Most,,,Bosnia and Herzegovina,387-(783)282-2724
334,Shufflester,600 Graceland Hill,Tsaratanana,,,Madagascar,261-(537)878-0937
335,Brainbox,232 Grover Pass,Buguruslan,,461639,Russia,7-(753)355-7248
336,Fliptune,489 Cordelia Court,Maszewo Duże,,09-412,Poland,48-(462)935-4163
337,Skimia,9 Tennyson Park,Olavarría,,7400,Argentina,54-(286)845-3539
338,Jaxnation,6371 Northland Street,Wuma,,,China,86-(901)973-1413
339,Jaxspan,89996 Lighthouse Bay Parkway,Albania,,684537,Colombia,57-(799)966-1295
340,Gabtune,57424 Mcguire Terrace,Ebak,,,Indonesia,62-(211)779-7284
341,Mynte,65289 Heath Pass,Haumeni,,,Indonesia,62-(905)544-6049
342,Voolia,6 Moose Junction,Amalfi,,052848,Colombia,57-(124)786-0356
343,Meeveo,40499 Corry Trail,Vällingby,Stockholm,162 15,Sweden,46-(135)447-6819
344,Chatterpoint,4972 Roxbury Circle,Khursā,,,Palestinian Territory,970-(674)227-2597
345,Skibox,1 Eliot Road,Castellon De La Plana/Castello De La Pla,Comunidad Valenciana,12100,Spain,34-(307)783-0688
346,Dablist,38 Ruskin Avenue,Opinogóra Górna,,06-406,Poland,48-(497)135-5328
347,Skibox,584 Monterey Court,Palestina,,176048,Colombia,57-(446)737-6454
348,Tagcat,9646 Jenifer Junction,Dankunku,,,Gambia,220-(211)643-0638
349,Voomm,2 Rigney Place,Temara,,,Morocco,212-(619)932-1800
350,Eire,5900 Rockefeller Plaza,Al Bājūr,,,Egypt,20-(737)549-9495
351,Mydeo,09 Comanche Way,Governador Valadares,,35000-000,Brazil,55-(822)437-4257
352,Voolith,81452 Corry Park,May Pen,,,Jamaica,1-(752)101-4344
353,Bluejam,091 Dayton Terrace,Ridder,,,Kazakhstan,7-(526)244-3895
354,Thoughtbridge,3870 Jenna Center,Aş Şafaqayn,,,Yemen,967-(484)200-3680
355,Divape,9 Goodland Avenue,Ghazni,,,Afghanistan,93-(366)427-1588
356,Vinder,05450 Bunker Hill Place,West Palm Beach,Florida,33405,United States,1-(772)764-3492
357,Feedmix,52104 Clemons Park,Xarrë,,,Albania,355-(932)279-4579
358,Youtags,9 Forest Run Avenue,Narew,,17-210,Poland,48-(541)464-2003
359,Feedbug,4 Anthes Place,Candelaria,,4323,Philippines,63-(196)641-4657
360,Jabbersphere,06 Randy Place,Hanamaki,,936-0056,Japan,81-(846)447-7656
361,Zoomlounge,2469 Esch Lane,Pita Kotte,,10600,Sri Lanka,94-(458)995-2107
362,Babblestorm,182 Welch Place,Uritsk,,102471,Russia,7-(663)395-7915
363,Omba,70497 Westend Street,Mucllo,,,Peru,51-(652)375-4521
364,Abatz,84374 Arkansas Avenue,Sagarejo,,,Georgia,995-(429)873-4898
365,Skiba,7246 Portage Terrace,Lázně Kynžvart,,354 91,Czech Republic,420-(539)952-9453
366,Mydo,9151 Canary Lane,Gaokan,,,China,86-(596)730-8141
367,Twinder,5 Bluestem Pass,Gąsocin,,06-440,Poland,48-(288)854-9741
368,Kwideo,95 Roxbury Terrace,Tilcara,,4624,Argentina,54-(356)427-7877
369,Skimia,513 Arrowood Circle,Budenovetc,,307374,Russia,7-(177)778-2867
370,Youbridge,41 Luster Point,Miřetice,,539 55,Czech Republic,420-(981)542-1759
371,Gigashots,2327 Clemons Court,Desa Nasol,,,Indonesia,62-(282)902-6746
372,Devpulse,1 Mallard Terrace,Toulouse,Midi-Pyrénées,31039 CEDEX 9,France,33-(632)865-8856
373,Voonder,2 Steensland Pass,Invercargill,,9845,New Zealand,64-(892)625-8395
374,Youspan,2 Service Road,Wugong,,,China,86-(394)418-3046
375,Linkbuzz,55936 American Ash Pass,Zongjia,,,China,86-(140)740-8461
376,BlogXS,57870 Golf Drive,Oliver,British Columbia,E5L,Canada,1-(984)349-7301
377,Katz,2 Golden Leaf Park,Johor Bahru,Johor,80600,Malaysia,60-(727)146-4198
378,Myworks,236 Sheridan Crossing,Kungälv,Västra Götaland,442 40,Sweden,46-(608)379-4120
379,Twitternation,53 Bay Circle,Samur,,,Azerbaijan,994-(427)777-1132
380,Myworks,875 Debra Street,Busay,,1556,Philippines,63-(310)258-9192
381,Zava,90 Emmet Center,Zgurovka,,,Ukraine,380-(113)202-0970
382,Skyvu,34815 Bashford Road,Sulo,,,Indonesia,62-(348)811-1049
383,Quimba,47563 Corben Avenue,Wydminy,,11-510,Poland,48-(658)622-4543
384,Dynava,8 Mosinee Road,Outlook,Saskatchewan,N3S,Canada,1-(312)233-8503
385,Podcat,11815 Logan Trail,Lisieux,Basse-Normandie,14109 CEDEX,France,33-(706)165-1156
386,Oyondu,60 Montana Parkway,Borgo Maggiore,,47893,San Marino,378-(714)642-4818
387,JumpXS,2761 Roxbury Alley,Batiano,,4115,Philippines,63-(158)149-7562
388,Edgeblab,73 Burrows Point,Kuala Lumpur,Kuala Lumpur,55100,Malaysia,60-(294)723-3085
389,Linkbuzz,54 Service Avenue,Kastrat,,,Albania,355-(793)406-9755
390,Riffwire,7 Erie Junction,Atengmelang,,,Indonesia,62-(617)334-5631
391,Wikizz,04 Village Green Plaza,Yanqi,,,China,86-(319)105-8422
392,Voonix,3 Bonner Terrace,Vladikavkaz,,362049,Russia,7-(836)777-6592
393,Linktype,1 Goodland Alley,Anchorage,Alaska,99507,United States,1-(907)944-8751
394,Skinder,07 Sunfield Place,Bang Mun Nak,,66120,Thailand,66-(703)483-3451
395,Skipfire,9951 Mallory Court,Famaillá,,4132,Argentina,54-(782)237-0858
396,Yoveo,15581 Red Cloud Place,Miki,,675-1324,Japan,81-(413)962-3132
397,Devshare,53259 Corben Park,Saatlı,,,Azerbaijan,994-(143)194-5620
398,Latz,80956 Superior Hill,Antofagasta,,,Chile,56-(783)277-3238
399,Mudo,5 Eagan Circle,Pakkat,,,Indonesia,62-(996)866-5363
400,Ailane,6 Del Sol Terrace,Paledang,,,Indonesia,62-(494)391-6533
401,Kare,8288 Cardinal Terrace,Damu,,,China,86-(580)967-3317
402,Divanoodle,83 Autumn Leaf Hill,Ubatã,,45550-000,Brazil,55-(889)666-0957
403,Thoughtbridge,65859 Hoard Circle,Los Palacios,,,Cuba,53-(132)179-6821
404,Quinu,425 Schmedeman Circle,Wanareja,,,Indonesia,62-(957)763-3161
405,Vimbo,4059 Mifflin Parkway,Meneou,,,Cyprus,357-(448)301-1649
406,Wordware,9 Chive Park,Shanmu,,,China,86-(515)147-8263
407,Innotype,28053 Judy Place,Calubcub Dos,,0906,Philippines,63-(815)812-7038
408,Kanoodle,9 Thackeray Park,Firá,,,Greece,30-(446)951-9862
409,Fiveclub,38289 School Drive,Kamyanyuki,,,Belarus,375-(578)451-5270
410,Talane,19889 Chinook Parkway,Changgai,,,China,86-(211)370-3448
411,Twinte,225 Brickson Park Lane,Francos,Lisboa,2635-230,Portugal,351-(207)453-3310
412,Yadel,40 Tomscot Lane,Sobang,,,Indonesia,62-(767)371-8448
413,Topiclounge,85 Dryden Pass,Vanderhoof,British Columbia,G9A,Canada,1-(739)425-3908
414,Kazio,171 Orin Trail,Currais,Porto,4630-025,Portugal,351-(841)543-8473
415,Thoughtbridge,562 Florence Point,Limoges,Limousin,87066 CEDEX 2,France,33-(222)665-9836
416,Kazu,7775 Troy Point,Molsheim,Alsace,67124 CEDEX,France,33-(900)792-2681
417,Janyx,3 Ramsey Lane,Pointe-à-Pitre,Guadeloupe,97171 CEDEX,Guadeloupe,590-(692)416-3375
418,Devshare,00 Warrior Junction,Sokol,,347252,Russia,7-(530)350-3006
419,Youtags,5 Leroy Crossing,Borovlyany,,,Belarus,375-(380)847-1526
420,Skalith,61 Melody Avenue,Honolulu,Hawaii,96805,United States,1-(808)963-0901
421,Yodoo,7 Tennyson Crossing,Santiago de Chuco,,,Peru,51-(399)930-6517
422,Yambee,25 Old Gate Junction,Pinhal da Marquesa,Setúbal,2950-577,Portugal,351-(623)781-6737
423,Rhybox,154 Kipling Point,Zigong,,,China,86-(648)158-0888
424,Edgeclub,9117 Paget Place,Satovcha,,2956,Bulgaria,359-(697)355-0288
425,Oozz,30 Summit Court,Sukhothai,,75120,Thailand,66-(792)534-4937
426,Browsezoom,1916 Dorton Crossing,Grenoble,Rhône-Alpes,38014 CEDEX 1,France,33-(838)665-3668
427,Babbleopia,923 Lakewood Gardens Terrace,Sadananya,,,Indonesia,62-(849)483-3898
428,Thoughtstorm,2 Kedzie Alley,Uva,,427265,Russia,7-(352)928-0896
429,Npath,37122 Cody Park,Longvic,Bourgogne,21604 CEDEX,France,33-(446)725-9790
430,Jabbercube,75 Meadow Ridge Place,Lupao,,3122,Philippines,63-(985)419-4440
431,Katz,41292 Pepper Wood Plaza,Gongqiao,,,China,86-(543)750-0964
432,Jabberstorm,4986 Nelson Place,Renliu,,,China,86-(998)417-9852
433,Browsetype,605 Golf View Park,Garwolin,,08-400,Poland,48-(437)607-1068
434,Dynava,214 Leroy Street,Wangwu,,,China,86-(880)221-1195
435,Zoombox,7 Division Way,Rochester,Minnesota,55905,United States,1-(507)508-8897
436,Jabbercube,1611 Sauthoff Plaza,Nasavrky,,565 01,Czech Republic,420-(555)693-6450
437,Minyx,0 Katie Circle,Nanjiao,,,China,86-(562)312-2232
438,Avamba,6571 Dovetail Drive,San Jose,,8427,Philippines,63-(154)446-4814
439,Gabspot,4104 Reinke Way,Đống Đa,,,Vietnam,84-(488)643-0770
440,Wikivu,5318 Hazelcrest Junction,Gryaznovskoye,,623508,Russia,7-(251)611-3119
441,Eire,36 Birchwood Parkway,Svitlovods’k,,,Ukraine,380-(618)614-5708
442,Youtags,7 Cherokee Circle,Muli,,,China,86-(614)665-0354
443,Mymm,5 Kipling Plaza,Costa Nova do Prado,Aveiro,3830-455,Portugal,351-(430)273-1092
444,Abatz,36 Leroy Court,Tongzha,,,China,86-(872)431-4131
445,Linkbridge,9 Nelson Park,Lysekil,Västra Götaland,453 35,Sweden,46-(927)889-7815
446,Thoughtstorm,98656 Everett Street,Rače,,2327,Slovenia,386-(709)151-5460
447,Aibox,466 Meadow Valley Alley,Sam Phran,,73110,Thailand,66-(772)317-0410
448,Tambee,1 Golf Course Circle,Kizel,,618370,Russia,7-(880)642-3158
449,BlogXS,85348 Nobel Park,Tapes,,96760-000,Brazil,55-(808)639-5325
450,Blogtag,68805 Eagle Crest Parkway,Dordrecht,Provincie Zuid-Holland,3324,Netherlands,31-(956)529-2590
451,Twitterwire,052 Sunfield Alley,Zhongpai,,,China,86-(289)901-0077
452,Skipfire,205 Arrowood Way,Linköping,Östergötland,580 07,Sweden,46-(490)526-3333
453,Oyondu,71 Esker Junction,Pico da Pedra,Ilha de São Miguel,9600-052,Portugal,351-(208)419-3583
454,Tagcat,73130 Armistice Park,Lagnieu,Rhône-Alpes,01154 CEDEX,France,33-(164)807-0805
455,Meevee,024 Ryan Point,Pacho,,254008,Colombia,57-(879)740-6824
456,Skyvu,66 Scoville Junction,Obesi,,,Indonesia,62-(583)406-6251
457,Photobug,44 Logan Drive,Folques,Coimbra,3300-265,Portugal,351-(348)439-6510
458,Kanoodle,555 Dryden Parkway,Töreboda,Västra Götaland,545 35,Sweden,46-(502)693-2805
459,Realblab,6 Jana Junction,Sirte,,,Libya,218-(312)816-0898
460,Ozu,3 Dayton Avenue,Bluefields,,,Jamaica,1-(905)190-3218
461,Tagfeed,80 Heath Court,Shunde,,,China,86-(362)129-3362
462,Mycat,935 Moland Center,Husów,,37-121,Poland,48-(151)590-2769
463,Livetube,2 Randy Crossing,Buenavista,Chiapas,29027,Mexico,52-(795)234-7733
464,Topicware,990 Starling Avenue,Xiaruyue,,,China,86-(413)383-3476
465,Agimba,0217 Loeprich Junction,Narawayong,,,Indonesia,62-(287)401-4614
466,Meembee,4 Lukken Circle,Zhugang,,,China,86-(331)704-0984
467,Buzzdog,8224 Vermont Park,Jelat,,,Indonesia,62-(352)301-4432
468,Tagpad,264 Doe Crossing Center,Ning’er,,,China,86-(501)721-1826
469,Bluejam,0 Merrick Way,Chor,,47001,Pakistan,92-(101)202-3059
470,Oyonder,65370 Di Loreto Trail,Esquina,,5131,Argentina,54-(194)270-6095
471,Teklist,3986 Judy Plaza,Bang Racham,,16130,Thailand,66-(970)961-9952
472,Camido,6623 Glacier Hill Court,Bantogon,,5322,Philippines,63-(200)169-5581
473,Nlounge,3 Redwing Parkway,Sosnovyy Bor,,601808,Russia,7-(164)643-8229
474,Skidoo,4 Clove Place,Ostrožská Lhota,,687 23,Czech Republic,420-(848)730-8259
475,Jayo,3 Laurel Drive,Žďár nad Sázavou,,592 11,Czech Republic,420-(343)194-8952
476,Quatz,80 Debs Center,Dinggou,,,China,86-(304)667-0705
477,Chatterbridge,529 Gale Road,Kaduseeng,,,Indonesia,62-(973)747-6696
478,Jetpulse,13631 Thierer Center,Bāgh-e Maīdān,,,Afghanistan,93-(331)356-3540
479,Midel,29 Sutherland Place,Doug An,,,Vietnam,84-(291)842-9306
480,Edgeify,0147 Elmside Parkway,Komsomol’skiy,,249716,Russia,7-(728)451-3040
481,Rhynyx,61417 Debra Road,Daxing,,,China,86-(154)928-5364
482,Fiveclub,27 Waxwing Park,Magoúla,,,Greece,30-(241)194-4561
483,Dabtype,46848 Summer Ridge Court,Tufang,,,China,86-(528)606-1425
484,Trupe,3226 Eggendart Court,Ban Khok,,53180,Thailand,66-(383)985-1575
485,Abata,3907 Crownhardt Parkway,Kariaí,,,Greece,30-(740)519-7843
486,Kimia,1 Thompson Hill,Tysmenychany,,,Ukraine,380-(400)796-2531
487,Wikibox,8 Bowman Trail,Yangjian,,,China,86-(860)598-1886
488,Yata,933 Maple Wood Way,Anlu,,,China,86-(657)192-3684
489,Realcube,91 Burrows Pass,Ryczów,,34-115,Poland,48-(796)700-7198
490,Centidel,7 Starling Alley,Velyki Mezhyrichi,,,Ukraine,380-(161)500-8122
491,Linkbuzz,3286 Trailsway Junction,Pyhäsalmi,,86801,Finland,358-(611)788-0262
492,Tagcat,1 Pankratz Trail,Penambangan,,,Indonesia,62-(748)441-4308
493,Quinu,58770 Atwood Pass,Chaykovskaya,,617010,Russia,7-(477)987-5468
494,Twitternation,1286 Doe Crossing Road,Pospelikha,,659700,Russia,7-(977)886-6582
495,Fiveclub,44922 Waywood Point,Milove,,,Ukraine,380-(925)611-2720
496,Babbleopia,4 Carberry Trail,Las Matas de Santa Cruz,,10507,Dominican Republic,1-(128)216-5278
497,Mydo,37619 Warner Pass,Saint-Égrève,Rhône-Alpes,38524 CEDEX,France,33-(466)103-7340
498,Edgetag,872 Anniversary Parkway,Phước An,,,Vietnam,84-(552)932-1404
499,Mymm,42 Westridge Plaza,Durham,North Carolina,27717,United States,1-(919)690-1663
500,Myworks,60155 Briar Crest Street,Haarlem,Provincie Noord-Holland,2019,Netherlands,31-(361)884-7166
501,Dynabox,28795 Loftsgordon Park,Gonayiv,,,Haiti,509-(636)461-9654
502,Ntag,3905 Kennedy Trail,Piskivka,,,Ukraine,380-(395)180-7497
503,Voonder,5601 Shelley Place,Suocheng,,,China,86-(824)538-9006
504,Shuffledrive,6594 Debs Place,Canala,,98813,New Caledonia,687-(969)195-9445
505,Brainsphere,66935 Bartillon Lane,Jagabaya Dua,,,Indonesia,62-(609)568-9313
506,Rhynyx,067 Corben Hill,Saint Louis,Missouri,63143,United States,1-(314)391-5417
507,Kamba,97 Dunning Street,Pampachiri,,,Peru,51-(487)679-5061
508,Rhybox,6034 Green Street,Jaguariúna,,13820-000,Brazil,55-(759)624-9976
509,Avaveo,22913 Golf Pass,Ha’erlong,,,China,86-(554)720-4988
510,Blognation,8519 Chinook Point,Pulilan,,3005,Philippines,63-(278)207-5087
511,Wordware,1 Mosinee Terrace,Longquan,,,China,86-(371)535-0613
512,Agimba,16995 Main Lane,Khisarya,,4180,Bulgaria,359-(343)548-9530
513,Browsebug,6 Sheridan Junction,Bonanza,,,Nicaragua,505-(517)837-1418
514,Katz,02094 Evergreen Crossing,Kolobolon,,,Indonesia,62-(923)863-9342
515,Mynte,64 Melrose Center,Sufang,,,China,86-(423)313-3777
516,Buzzster,7 Bartillon Pass,El Refugio,Jalisco,45310,Mexico,52-(217)471-4174
517,Dynazzy,36341 Melby Alley,P’rimorsk’oe,,,Georgia,995-(587)474-1324
518,Skimia,23805 Farragut Circle,Leku,,,Ethiopia,251-(839)503-0698
519,Youopia,6029 International Crossing,Jatiklampok,,,Indonesia,62-(189)809-8416
520,Npath,416 New Castle Lane,Cardona,,1950,Philippines,63-(812)363-2357
521,Jamia,17 Petterle Place,Hat Yai,,90110,Thailand,66-(724)204-6612
522,Snaptags,94228 Dorton Crossing,Santa Clara,Mexico,50090,Mexico,52-(808)459-9937
523,Jabberbean,87 Texas Alley,Trollhättan,Västra Götaland,461 58,Sweden,46-(766)327-3977
524,Youtags,67077 Upham Plaza,Tangjia,,,China,86-(347)519-3136
525,Youspan,11 Amoth Parkway,Heitan,,,China,86-(645)298-8685
526,Kwideo,0 Fairfield Circle,Gudang,,,Indonesia,62-(874)726-3444
527,Bluezoom,5834 Milwaukee Court,Hantsavichy,,,Belarus,375-(980)826-1084
528,Mynte,2263 Miller Junction,Bodzentyn,,26-010,Poland,48-(654)288-4717
529,Eare,638 Memorial Court,Piracanjuba,,75640-000,Brazil,55-(810)410-0738
530,Jayo,0 Dawn Street,Ibarreta,,3624,Argentina,54-(991)828-6957
531,Devpoint,4 Mendota Avenue,Milwaukee,Wisconsin,53205,United States,1-(920)252-0557
532,Jabberstorm,7 Thierer Avenue,Tissa,,,Morocco,212-(615)549-8222
533,Yadel,581 Coolidge Hill,Xujiadian,,,China,86-(136)224-8033
534,Yodo,3646 Roxbury Drive,Cancela,Viana do Castelo,4960-320,Portugal,351-(851)145-7932
535,Youopia,5744 Delladonna Court,Arevik,,,Armenia,374-(427)789-7596
536,Yodoo,5 Cottonwood Avenue,Lushnjë,,,Albania,355-(164)517-0201
537,Kwilith,3 Northfield Lane,Thākurgaon,,1341,Bangladesh,880-(548)446-5615
538,Blogtag,1 Stone Corner Road,Manalad,,6109,Philippines,63-(301)434-5719
539,Buzzbean,30 Norway Maple Center,Seka,,43150,Thailand,66-(455)223-2308
540,Babbleset,6 Cottonwood Lane,Bulgan,,,Mongolia,976-(137)383-2532
541,Fliptune,365 American Court,Jimsar,,,China,86-(101)705-0644
542,Jabbercube,39 Harbort Parkway,Abucayan,,6216,Philippines,63-(548)313-3857
543,Janyx,7 Delladonna Junction,Sop Moei,,58110,Thailand,66-(180)823-0108
544,Katz,52574 American Ash Pass,Lajaluhur,,,Indonesia,62-(984)472-7269
545,Yabox,5 Bartelt Center,Galleh Manda,,,Gambia,220-(522)635-6831
546,Muxo,1440 Brentwood Road,Padangulaktanding,,,Indonesia,62-(226)429-4035
547,Zoonder,51012 Prentice Pass,Rato,,,Indonesia,62-(273)316-4092
548,Brightdog,32 Blackbird Junction,Tingping,,,China,86-(906)933-2447
549,Brightdog,622 Hallows Avenue,Killorglin,,H14,Ireland,353-(309)604-5091
550,Trudoo,01 Morning Road,Xiexiong,,,China,86-(290)905-3389
551,Riffpath,1998 Walton Plaza,Kepoh,,,Indonesia,62-(624)262-1668
552,Babbleopia,34827 Beilfuss Park,Dasht-e Qal‘ah,,,Afghanistan,93-(923)272-4915
553,Buzzshare,90871 Donald Way,Katrineholm,Södermanland,641 22,Sweden,46-(841)615-3168
554,Meetz,577 Hauk Court,Goshogawara,,952-1505,Japan,81-(622)499-2012
555,Zoomlounge,130 Burrows Street,Elimäki,,47201,Finland,358-(740)297-3866
556,Twinder,84215 Hudson Park,Mawu,,,China,86-(513)532-4850
557,Fivechat,512 Quincy Pass,Kabale,,,Uganda,256-(764)836-5906
558,Rhynyx,430 Oakridge Hill,Bayt ‘Adhāqah,,,Yemen,967-(556)195-3669
559,Oyoyo,06 Westend Court,Nato,,4421,Philippines,63-(681)597-1112
560,Eamia,859 Fallview Court,Hornówek,,05-080,Poland,48-(993)566-4266
561,Quatz,89 Hansons Way,Pucara,,,Peru,51-(834)543-2324
562,Meemm,97 Sage Crossing,Laško,,3270,Slovenia,386-(444)515-5171
563,Thoughtblab,761 Killdeer Junction,Tor,,,Egypt,20-(759)165-8717
564,Vitz,336 Aberg Street,Naftalan,,,Azerbaijan,994-(961)685-7051
565,Shuffledrive,97 Corry Way,Jargalant,,,Mongolia,976-(293)770-5498
566,Kwimbee,3118 Barnett Crossing,Carmo do Cajuru,,35510-000,Brazil,55-(828)275-4641
567,Oyondu,881 Logan Junction,Oekero,,,Indonesia,62-(125)814-1591
568,Kwimbee,255 Shelley Plaza,Moscow,,901993,Russia,7-(314)208-1528
569,Leenti,468 Spaight Avenue,Chalamarca,,,Peru,51-(568)426-0947
570,Zava,0 Summerview Place,Vallentuna,Stockholm,186 53,Sweden,46-(500)664-4253
571,Ainyx,02893 David Pass,Timezgadiouine,,,Morocco,212-(804)267-0980
572,Tanoodle,7 Gina Parkway,Bulung’ur,,,Uzbekistan,998-(936)911-5233
573,Eire,77 Drewry Junction,Dire Dawa,,,Ethiopia,251-(948)548-6981
574,Jabbersphere,4 Lunder Alley,Luoshan,,,China,86-(816)854-3005
575,Livepath,9011 Swallow Point,Sagua de Tánamo,,,Cuba,53-(941)916-0070
576,Bluezoom,893 Dexter Trail,Youkaichi,,958-0052,Japan,81-(742)789-9961
577,Katz,159 Forster Plaza,Gucun,,,China,86-(386)428-3353
578,Eamia,75732 Manitowish Alley,Caxias do Sul,,95000-000,Brazil,55-(644)431-8401
579,Trudeo,18895 Artisan Pass,Zhoupi,,,China,86-(345)679-5586
580,Trilia,79673 Dayton Center,Rožna Dolina,,5297,Slovenia,386-(879)332-9884
581,Skipstorm,92 Prentice Lane,Koumra,,,Chad,235-(732)991-1407
582,Wikivu,94 Spohn Terrace,Kiryandongo,,,Uganda,256-(892)764-1009
583,Skinder,6 Blaine Trail,Stadtbredimus,,L-5451,Luxembourg,352-(726)113-8983
584,Skynoodle,7745 Packers Center,Boafeo,,,Indonesia,62-(149)824-6344
585,Tagchat,30122 Rowland Parkway,Cantapoy,,9715,Philippines,63-(984)538-5297
586,Twinte,3 Kennedy Plaza,Charlotte,North Carolina,28263,United States,1-(704)360-6437
587,Yata,3 Kinsman Crossing,Wonorejo Dua,,,Indonesia,62-(202)976-8792
588,Quinu,201 Sherman Trail,Osieck,,08-445,Poland,48-(125)283-5001
589,Skyba,719 Farmco Street,Velykyy Burluk,,,Ukraine,380-(877)792-1069
590,Gabcube,85598 Kim Way,Nizwá,,,Oman,968-(511)892-6400
591,Yodo,79 Holmberg Place,Alkmaar,Provincie Noord-Holland,1814,Netherlands,31-(472)846-8142
592,Babbleblab,1470 Fordem Terrace,Ganghwa-gun,,,South Korea,82-(404)603-7569
593,Jetwire,61536 Hanover Avenue,Caçapava,,12280-000,Brazil,55-(970)959-2292
594,Jazzy,0 School Lane,Binulasan,,6712,Philippines,63-(919)833-7653
595,Browsecat,2427 Browning Place,Vilares,Porto,4745-358,Portugal,351-(842)973-5979
596,Dazzlesphere,88 Bashford Crossing,Lokea,,,Indonesia,62-(115)451-3304
597,Fanoodle,384 Elka Place,An Naşşārīyah,,,Palestinian Territory,970-(208)555-9100
598,Talane,452 Nevada Court,Jiuheyuan,,,China,86-(466)826-0530
599,Jabberstorm,126 Mosinee Junction,Ol Kalou,,,Kenya,254-(420)395-2204
600,Teklist,956 Golf View Crossing,Pingshan,,,China,86-(354)217-4677
601,Quimm,44 Vera Parkway,Thị Trấn Tam Sơn,,,Vietnam,84-(749)246-9489
602,Linkbridge,9 Loeprich Alley,Wolowona,,,Indonesia,62-(760)993-9839
603,Tanoodle,60 Johnson Center,Santa Ana,,17007,Guatemala,502-(289)743-6473
604,JumpXS,06155 Center Circle,Ciervo Petiso,,3515,Argentina,54-(958)878-1048
605,Livetube,95 Barnett Junction,Xiqiao,,,China,86-(665)808-5525
606,Linkbuzz,76081 Lukken Point,Siayan,,7113,Philippines,63-(963)133-6062
607,Wikizz,770 David Park,Sanlidian,,,China,86-(514)738-3085
608,Ntags,6 Prairieview Pass,Tugdan,,5509,Philippines,63-(304)808-9661
609,Photobug,66084 Dovetail Drive,Miðvágur,,385,Faroe Islands,298-(426)837-0271
610,Npath,77749 Melvin Road,Baraya,,411067,Colombia,57-(149)946-0790
611,Flipopia,487 Meadow Vale Trail,Liješnica,,,Bosnia and Herzegovina,387-(683)794-4328
612,Livetube,6814 Mccormick Avenue,Auas,,,Honduras,504-(381)999-6827
613,Flipbug,18 Algoma Alley,Ternopil’,,,Ukraine,380-(388)499-6412
614,Fanoodle,15 Northridge Drive,Yunxian Chengguanzhen,,,China,86-(306)803-9768
615,Twiyo,731 Twin Pines Lane,Caotang,,,China,86-(724)234-9206
616,Skyvu,2356 Manufacturers Avenue,Talashkino,,214512,Russia,7-(174)899-8773
617,Thoughtblab,725 Jenna Avenue,Aguitu,,,China,86-(223)191-2238
618,Realbuzz,31705 Vernon Plaza,Freiria,Santarém,2040-105,Portugal,351-(880)839-3776
619,Latz,7 Westport Lane,Jacksonville,Florida,32209,United States,1-(904)842-4937
620,Jamia,29 Hovde Road,Maribong,,5042,Philippines,63-(362)786-1860
621,Oyoba,9299 Chinook Avenue,Pámfylla,,,Greece,30-(303)515-1749
622,Topicware,0 Weeping Birch Junction,Pridraga,,23226,Croatia,385-(564)160-6970
623,Voomm,22 Becker Center,Barrosas,Porto,4650-127,Portugal,351-(249)974-2040
624,Wikido,489 Logan Pass,Plesná,,725 27,Czech Republic,420-(909)378-3155
625,Zoonder,33 Superior Lane,Örebro,Örebro,703 44,Sweden,46-(802)201-2875
626,Dynabox,782 Carey Parkway,Lysá nad Labem,,289 22,Czech Republic,420-(948)789-4013
627,Zoonoodle,5916 Dorton Circle,Basa,,2316,Philippines,63-(803)960-5114
628,Youspan,9 Main Trail,Kebon,,,Indonesia,62-(356)498-5308
629,Bluezoom,6339 Bobwhite Pass,Borås,Västra Götaland,504 50,Sweden,46-(654)976-7062
630,Photofeed,5 Erie Trail,Canto,Aveiro,3840-065,Portugal,351-(996)481-2502
631,Eabox,0396 Mifflin Drive,Tejen,,,Turkmenistan,993-(775)431-0090
632,Pixoboo,04 Jackson Avenue,Hamburg,Hamburg,22179,Germany,49-(368)614-4843
633,Livefish,34132 Nova Terrace,Santa Elena de Uairén,,,Venezuela,58-(316)376-5249
634,Livefish,1841 Carpenter Avenue,Algoz,Faro,8365-059,Portugal,351-(705)244-8411
635,Meevee,0 Straubel Junction,Gisiliba,,,Indonesia,62-(986)558-3753
636,Twimbo,9 Clemons Way,San Pedro,,4023,Philippines,63-(569)473-3788
637,Kwilith,568 Sachs Way,Houmen,,,China,86-(431)903-5825
638,Cogibox,6291 Coleman Street,Bang Ban,,13250,Thailand,66-(717)305-0315
639,JumpXS,73 Waywood Trail,Celso Ramos,,88598-000,Brazil,55-(383)884-0186
640,Twitterbridge,31472 Sullivan Way,Gaimán,,9105,Argentina,54-(180)684-5068
641,Twiyo,9 Cascade Plaza,Żabieniec,,05-509,Poland,48-(161)529-3809
642,Skimia,13 Drewry Plaza,Tuchomie,,77-133,Poland,48-(803)545-4501
643,Centimia,16 Evergreen Trail,Kulun,,,China,86-(342)281-7506
644,Ozu,1 Redwing Place,Killam,Alberta,A0A,Canada,1-(861)173-7398
645,Yozio,702 Ridge Oak Court,Pimbalayan,,6342,Philippines,63-(813)207-0739
646,Jaxbean,61 Claremont Park,Weiwangzhuang,,,China,86-(629)437-9279
647,Browseblab,4 Arrowood Road,Domoni,,,Comoros,269-(319)938-4165
648,Wikibox,19377 Delaware Parkway,Racine,Wisconsin,53405,United States,1-(262)321-5221
649,Devbug,84884 Continental Circle,Ketanggi,,,Indonesia,62-(140)786-9196
650,Kimia,10963 Sundown Crossing,Virojoki,,46860,Finland,358-(866)151-2270
651,Topicshots,7 Portage Lane,Karlstad,Värmland,652 27,Sweden,46-(356)818-3122
652,Meejo,2494 Redwing Hill,Los Tangos,,,Honduras,504-(742)178-3463
653,Topicstorm,1 Hollow Ridge Center,Carrefour,,,Haiti,509-(361)285-7409
654,Blogtags,2 Thompson Court,Patabog,,2200,Philippines,63-(672)338-3654
655,Avamm,19 Donald Road,Shiogama,,987-0058,Japan,81-(635)974-8830
656,Skippad,9108 Del Sol Place,Jaunpils,,,Latvia,371-(149)499-4118
657,Fivespan,2728 Talmadge Pass,Saint-Malo,Bretagne,35409 CEDEX,France,33-(508)186-5727
658,Aimbu,64 Hovde Terrace,Cinyumput,,,Indonesia,62-(568)743-3993
659,Oyonder,1598 Veith Point,Paris 02,Île-de-France,75080 CEDEX 02,France,33-(838)838-5834
660,Dynabox,068 Annamark Drive,Xiaoling,,,China,86-(676)753-1690
661,Shufflebeat,38 Milwaukee Center,Yao’an,,,China,86-(515)154-1563
662,Janyx,032 Delaware Point,Uyskoye,,456470,Russia,7-(979)747-0238
663,Topicstorm,7894 Thackeray Hill,Belfast,Prince Edward Island,L6S,Canada,1-(463)202-5845
664,Abata,8 Village Plaza,Gilin,,,Indonesia,62-(228)289-1293
665,Livefish,5 West Plaza,Gornje Moštre,,,Bosnia and Herzegovina,387-(578)126-4754
666,Oyoyo,3 Buena Vista Point,Ulan Us,,,China,86-(127)812-1149
667,Voonyx,322 Reindahl Circle,Rongcheng,,,China,86-(737)950-1558
668,Photofeed,07 Di Loreto Terrace,Nueva Esperanza,Chiapas,29216,Mexico,52-(501)857-6222
669,Reallinks,28294 1st Junction,Lae,,,Papua New Guinea,675-(377)931-3320
670,Aibox,31 Bluestem Pass,Pengxing,,,China,86-(943)131-6546
671,Leenti,7943 Eagan Terrace,Lewotola,,,Indonesia,62-(365)202-7505
672,Dabvine,30032 Arkansas Park,Sheffield,England,S1,United Kingdom,44-(286)229-3532
673,Voonder,1377 Mallory Drive,Promna,,26-803,Poland,48-(154)736-2715
674,Photobug,5317 Morning Way,Montaigu,Pays de la Loire,85614 CEDEX,France,33-(544)840-4290
675,Voolith,535 Mariners Cove Center,Khurriānwāla,,26301,Pakistan,92-(343)334-3435
676,Blogtag,173 Holmberg Terrace,Bojong,,,Indonesia,62-(446)784-1899
677,Babbleopia,4 Pine View Road,Álftanes,,225,Iceland,354-(293)821-8393
678,Abatz,81 Petterle Road,Rawang,Selangor,48100,Malaysia,60-(661)371-3609
679,Dynava,0 Thompson Center,Vaudreuil-Dorion,Québec,J7W,Canada,1-(325)948-6907
680,Talane,45 Superior Crossing,Merik,,,Indonesia,62-(439)213-2505
681,Zoomlounge,6 Russell Plaza,Pemex,Veracruz Llave,96684,Mexico,52-(330)951-7424
682,Katz,44132 Ronald Regan Circle,Golynki,,216740,Russia,7-(813)183-7076
683,Livetube,6 Shopko Park,Chayuan,,,China,86-(237)918-9074
684,Meezzy,82 South Way,Phúc Yên,,,Vietnam,84-(291)736-9335
685,Skimia,28 Mallory Point,Roi Et,,45000,Thailand,66-(732)411-4786
686,Flipbug,3325 Summer Ridge Place,Joconal,,,Honduras,504-(154)197-2723
687,Skinder,07 South Park,Jalālābād,,,Afghanistan,93-(334)266-4117
688,Riffpath,04387 Hallows Parkway,Zhangaqorghan,,,Kazakhstan,7-(962)839-8625
689,Edgeify,51249 Rutledge Avenue,Muara,,,Indonesia,62-(911)894-1051
690,Voomm,0145 Russell Circle,Huertas,,,Peru,51-(117)954-0512
691,Trudoo,52 Coleman Street,Ḩammām Wāşil,,,Syria,963-(112)362-1273
692,Npath,460 Forest Point,Xipi,,,China,86-(780)394-7415
693,Thoughtmix,03 Dryden Center,Dubiecko,,37-750,Poland,48-(607)428-1905
694,Quinu,73 Truax Crossing,Duping,,,China,86-(279)973-1329
695,Blogtag,91960 Straubel Point,Bang Phae,,70160,Thailand,66-(464)264-0824
696,Voonyx,32 Charing Cross Terrace,Honiara,,,Solomon Islands,677-(638)717-6061
697,Oloo,3368 Nelson Plaza,Heshui,,,China,86-(751)209-9665
698,Linklinks,448 Alpine Alley,Jilong,,,China,86-(548)141-6322
699,Mynte,5041 Prairieview Parkway,Shah Alam,Selangor,40706,Malaysia,60-(383)399-6002
700,Jaxworks,76 Logan Lane,Novorossiysk,,353993,Russia,7-(553)819-9517
701,Realfire,5 Pond Road,Chicago,Illinois,60663,United States,1-(312)480-4923
702,Skiba,8768 Twin Pines Avenue,Haiphong,,,Vietnam,84-(949)605-9815
703,Fadeo,12977 Park Meadow Junction,Baicun,,,China,86-(668)675-6020
704,Livetube,2624 Fremont Hill,Zhongzhai,,,China,86-(171)765-0883
705,Rhyloo,45 Moose Court,Denver,Colorado,80291,United States,1-(303)614-2786
706,Blogtags,916 Acker Junction,Xiaoxiang,,,China,86-(680)229-9975
707,Thoughtblab,7 Tennessee Plaza,Huibu,,,China,86-(717)349-2853
708,Skinte,43327 Barnett Terrace,Cajamarca,,,Peru,51-(540)617-0918
709,Yodel,08769 Graedel Terrace,Asadābād,,,Afghanistan,93-(164)554-4754
710,Jaxnation,0584 Loeprich Pass,Vista Hermosa,Veracruz Llave,93608,Mexico,52-(180)562-0006
711,Kazio,1314 East Street,Qiaotou,,,China,86-(563)847-4316
712,Wordware,3 Kingsford Way,Mwene-Ditu,,,Democratic Republic of the Congo,242-(583)895-4092
713,Trilith,91217 Blaine Lane,Al Manşūrah,,,Egypt,20-(888)288-7870
714,Dynazzy,31923 Mccormick Park,Otradnoye,,303666,Russia,7-(740)527-0001
715,Vitz,1230 Montana Avenue,Chenzhuang,,,China,86-(773)893-0953
716,Realcube,1089 Kings Street,Kuala Lumpur,Kuala Lumpur,53100,Malaysia,60-(130)728-8706
717,Jabberbean,06586 Kipling Place,Stoczek,,07-104,Poland,48-(591)315-0440
718,Skippad,8 Crest Line Court,Yunlong,,,China,86-(294)347-3482
719,Avaveo,90924 1st Avenue,Las Matas de Santa Cruz,,10507,Dominican Republic,1-(656)757-6565
720,Aivee,66 Sundown Hill,Kukuna,,,Sierra Leone,232-(982)892-7127
721,Riffpedia,70626 Cambridge Circle,Leiwang,,,China,86-(441)204-6348
722,Babbleset,81 Arizona Pass,Marsa Alam,,,Egypt,20-(285)118-1474
723,Lajo,089 Transport Point,San Luis Jilotepeque,,21003,Guatemala,502-(141)144-6794
724,Realbuzz,49 Northwestern Center,Urzuf,,,Ukraine,380-(712)276-9763
725,Thoughtstorm,9370 Algoma Trail,Datar,,,Indonesia,62-(537)541-9359
726,Photofeed,7203 Stuart Terrace,Ujung,,,Indonesia,62-(748)818-4929
727,Fivechat,4 Summerview Avenue,Fianarantsoa,,,Madagascar,261-(435)797-7522
728,Jabbersphere,61 Northridge Trail,Hacıhüseynli,,,Azerbaijan,994-(343)230-9018
729,Wikido,3 Farmco Center,Xiaolongmen,,,China,86-(838)762-6027
730,Thoughtmix,373 Welch Plaza,Conroe,Texas,77305,United States,1-(936)632-7760
731,Centizu,924 Mcbride Hill,Gueset,,2436,Philippines,63-(237)561-1896
732,Skyble,0927 Parkside Way,Shitan,,,China,86-(646)441-7717
733,Avaveo,89015 Burning Wood Junction,Chŏngju,,,North Korea,850-(560)990-9392
734,Roomm,596 Stone Corner Junction,Boavista,Vila Real,5030-304,Portugal,351-(132)788-7049
735,Wikivu,39727 Thompson Circle,Ipoh,Perak,30532,Malaysia,60-(752)244-5136
736,Wikivu,049 Hanover Way,Matina,,70501,Costa Rica,506-(499)907-4215
737,Janyx,16291 Harbort Terrace,Havlíčkův Brod,,580 01,Czech Republic,420-(233)992-7563
738,Browsezoom,3 Glacier Hill Pass,Cimongkor,,,Indonesia,62-(848)574-1587
739,Brainlounge,9 Holy Cross Center,Cube,,,Ecuador,593-(140)961-6952
740,Jabbercube,79954 Kenwood Trail,Mŭynoq,,,Uzbekistan,998-(601)259-0930
741,Agivu,01304 Steensland Point,Vyzhnytsya,,,Ukraine,380-(627)225-6016
742,Zoonder,3463 Loeprich Court,Saint-Denis,Île-de-France,93285 CEDEX,France,33-(706)579-8465
743,Kaymbo,392 Kim Place,Spétses,,,Greece,30-(350)386-5808
744,Browsetype,85908 Ilene Point,Concepción del Uruguay,,3260,Argentina,54-(792)699-8077
745,Topiclounge,945 Leroy Road,Pontarlier,Franche-Comté,25304 CEDEX,France,33-(371)681-5695
746,Innojam,09 Menomonie Avenue,Karlovo,,4360,Bulgaria,359-(523)885-3108
747,Voolith,687 Ohio Circle,Moholm,Västra Götaland,549 06,Sweden,46-(995)340-1112
748,Innojam,49 Sunfield Junction,Requena,,,Peru,51-(549)303-6519
749,Meevee,5278 Corry Park,Vales,Viseu,3550-053,Portugal,351-(334)462-7053
750,Dabvine,305 Schiller Avenue,Saiki,,305-0028,Japan,81-(321)361-7769
751,Plajo,9 Oxford Avenue,Shigu,,,China,86-(971)529-9342
752,Voolith,6 Carioca Point,Huayucachi,,,Peru,51-(672)826-1155
753,Cogidoo,690 Loftsgordon Avenue,Paiisa,,4323,Philippines,63-(274)782-5082
754,Youfeed,60 Everett Terrace,Tylicz,,33-383,Poland,48-(271)399-6106
755,Voonix,34 Chive Crossing,Fermoy,,P61,Ireland,353-(165)261-4333
756,Roombo,0576 Pearson Hill,Banyuurip,,,Indonesia,62-(716)780-1762
757,Browsetype,775 Bellgrove Terrace,Usicayos,,,Peru,51-(361)817-2758
758,Skidoo,30101 Anderson Place,Sumilao,,8701,Philippines,63-(831)203-1874
759,Quatz,34476 Lien Terrace,Jiucheng,,,China,86-(486)122-5113
760,Oyope,0 Springview Center,Valsamáta,,,Greece,30-(131)428-6664
761,Skynoodle,2216 Daystar Road,Walenrang,,,Indonesia,62-(325)562-8700
762,Topicstorm,888 Magdeline Road,Jiangya,,,China,86-(223)635-9764
763,Twitterlist,59 Pearson Lane,Imbituva,,84430-000,Brazil,55-(859)840-2684
764,Cogilith,922 Haas Junction,Hatava,,,Belarus,375-(237)329-4618
765,Leenti,155 Burrows Point,Ścinawa,,59-330,Poland,48-(856)785-3180
766,Eare,82 Morning Way,Jinchuan,,,China,86-(843)764-7525
767,Realbridge,83 Prairieview Alley,Péfki,,,Greece,30-(963)848-4368
768,Leenti,91 Prentice Place,Waterloo,Ontario,N2L,Canada,1-(608)123-1291
769,Livetube,81200 Annamark Street,Jardia,Setúbal,2870-632,Portugal,351-(457)165-8757
770,Yombu,47240 Bluejay Hill,Talovyy,,346536,Russia,7-(467)298-3149
771,Oba,029 Norway Maple Hill,Rengang,,,China,86-(744)690-8478
772,Buzzster,74856 Lighthouse Bay Street,Heka,,,China,86-(146)122-5334
773,Innojam,799 Dovetail Alley,Brondong,,,Indonesia,62-(117)390-4863
774,Skiptube,4 Jay Trail,Orocué,,853059,Colombia,57-(994)641-6134
775,Jabberstorm,377 Utah Place,Malysheva,,624287,Russia,7-(645)264-1291
776,Gabtype,3 Aberg Center,Oropós,,,Greece,30-(563)951-8252
777,Trupe,0270 Carberry Drive,Ängelholm,Skåne,262 80,Sweden,46-(497)199-2591
778,Centimia,4963 Southridge Lane,Shimen,,,China,86-(611)145-7458
779,Pixope,2 Arizona Crossing,Nikulino,,141662,Russia,7-(351)756-3684
780,Zazio,385 Waubesa Place,Hongjiaguan,,,China,86-(608)806-2009
781,Skipstorm,1913 Kedzie Trail,Stord,Hordaland,5406,Norway,47-(778)478-7143
782,Babbleblab,38020 Novick Point,Longping,,,China,86-(923)502-5830
783,Browsedrive,81262 Anthes Crossing,Rimpeso,,0550,Philippines,63-(916)933-9838
784,Eabox,4649 Cordelia Park,Tabira,,56780-000,Brazil,55-(227)811-9200
785,Tagcat,1066 Hallows Street,Igbo Ora,,,Nigeria,234-(662)155-2480
786,Blogpad,526 Paget Road,Minle,,,China,86-(647)691-9815
787,Photobug,93 Meadow Vale Center,Tianxin,,,China,86-(215)748-4250
788,Meevee,75389 Troy Circle,Point Pedro,,51508,Sri Lanka,94-(945)870-6271
789,Wordpedia,7 Anniversary Pass,Tarata,,,Bolivia,591-(419)960-0089
790,Dynabox,5 Raven Terrace,San Manuel Chaparrón,,22003,Guatemala,502-(935)911-3299
791,Realcube,968 Harper Court,Thạnh Phú,,,Vietnam,84-(179)350-9236
792,Flashdog,310 Michigan Lane,Myhiya,,,Ukraine,380-(696)910-4516
793,Fivespan,2264 Fairfield Street,Fiditi,,,Nigeria,234-(717)507-8486
794,Kaymbo,22724 Cottonwood Road,Xiangang,,,China,86-(245)427-3893
795,Blogtags,287 Milwaukee Road,Mangxing,,,China,86-(982)726-8570
796,Aimbo,6686 Ilene Pass,Beni Khiar,,,Tunisia,216-(508)212-2269
797,Tagchat,38 Hauk Terrace,Limonade,,,Haiti,509-(659)263-1841
798,Mynte,65 Lerdahl Terrace,Quinta dos Frades,Leiria,2420-334,Portugal,351-(259)504-5257
799,Fadeo,68 Glacier Hill Hill,Shangtang,,,China,86-(826)322-2748
800,Eamia,550 Fairfield Plaza,Katakwi,,,Uganda,256-(962)338-3505
801,Devpoint,8 Briar Crest Court,Zhuli,,,China,86-(847)972-4233
802,Skyvu,6 Garrison Way,Votorantim,,18110-000,Brazil,55-(556)730-8276
803,Avamm,4700 Lighthouse Bay Parkway,Nîmes,Languedoc-Roussillon,30935 CEDEX 9,France,33-(631)570-9167
804,Aimbo,127 Walton Road,Safakulevo,,641080,Russia,7-(276)468-1161
805,Mudo,0986 Susan Circle,Osan,,,South Korea,82-(841)578-2778
806,Voonix,7 Mallard Crossing,Kafr Baţnā,,,Syria,963-(792)901-1463
807,Oba,4358 Commercial Trail,Pyhäsalmi,,86801,Finland,358-(562)203-8635
808,Voolith,92 Upham Place,Yelenendorf,,,Azerbaijan,994-(968)942-2731
809,Camimbo,14 Muir Point,Jishu,,,China,86-(462)180-3507
810,BlogXS,89659 Novick Drive,Woerden,Provincie Utrecht,3449,Netherlands,31-(454)754-0594
811,Roombo,80711 Summerview Street,Baixi,,,China,86-(615)204-8370
812,Meeveo,91754 Arapahoe Alley,Shiroi,,506-2118,Japan,81-(699)577-5614
813,Yata,12583 Talmadge Circle,New Mīrpur,,47951,Pakistan,92-(228)702-6357
814,Fatz,79 Maryland Court,Tsybli,,,Ukraine,380-(769)609-7918
815,Voolia,615 Shasta Street,Peñarrubia,,2804,Philippines,63-(632)985-5797
816,Skimia,68768 Hintze Lane,Alvarães,,69475-000,Brazil,55-(435)688-7211
817,Mybuzz,3 Truax Park,Casimiro de Abreu,,28860-000,Brazil,55-(457)385-0005
818,Mudo,6 Graceland Circle,Shimiaozi,,,China,86-(932)746-0890
819,Twitterworks,2 West Trail,San Miguel Chicaj,,15002,Guatemala,502-(502)229-9232
820,Blogspan,672 East Point,Hollola,,15880,Finland,358-(914)805-7272
821,Vipe,56 Derek Court,Mytishchi,,141032,Russia,7-(874)330-5140
822,Eayo,18 Dwight Plaza,Krasica,,52460,Croatia,385-(171)373-0234
823,Wikido,4 Monument Way,Los Aquijes,,,Peru,51-(156)260-6391
824,Kimia,14 Northridge Plaza,Dřevohostice,,751 14,Czech Republic,420-(293)790-1181
825,Plajo,9 Ruskin Hill,Cilangla,,,Indonesia,62-(560)109-4264
826,Tagchat,7 Continental Park,Jammāl,,,Tunisia,216-(545)162-7468
827,Trunyx,26 Declaration Road,San Miguel,,8301,Philippines,63-(637)412-9207
828,Meembee,2 Eggendart Pass,Huayllabamba,,,Peru,51-(722)950-8691
829,Divavu,65 Forest Avenue,Berezne,,,Ukraine,380-(390)730-7107
830,Buzzbean,53953 Derek Park,Karangsari,,,Indonesia,62-(207)641-2258
831,Yoveo,260 Express Alley,Sosnówka,,58-564,Poland,48-(182)912-9422
832,Demimbu,4994 Harper Place,Tangjia,,,China,86-(124)882-5480
833,Eadel,862 Vermont Park,Qinjia,,,China,86-(249)783-0425
834,Digitube,52960 Lawn Crossing,Meitang,,,China,86-(635)251-3497
835,Brainverse,5 Darwin Parkway,Delta del Tigre,,,Uruguay,598-(905)753-6658
836,Vimbo,558 Merchant Hill,Limmared,Västra Götaland,514 42,Sweden,46-(564)280-1751
837,Browsetype,9 Homewood Pass,Maliang,,,China,86-(293)913-5624
838,Tazzy,5029 Becker Pass,Panikian,,4327,Philippines,63-(308)895-7295
839,Zoomlounge,66 Schlimgen Park,Nato,,0950,Philippines,63-(823)308-6651
840,Kazu,16625 Mccormick Crossing,Tuochuan,,,China,86-(636)508-4010
841,Lazzy,33 Bobwhite Way,Tairan Camp,,7301,Philippines,63-(572)341-0663
842,Quamba,63 Mandrake Plaza,Kuybyshev,,632351,Russia,7-(148)232-7835
843,Devcast,317 Gina Terrace,Chabu,,,China,86-(815)304-0120
844,Skaboo,3751 Moulton Point,Mstów,,42-244,Poland,48-(321)561-2858
845,Leexo,793 Green Plaza,Oslo,Oslo,0880,Norway,47-(533)725-7988
846,Blogspan,32068 Southridge Center,Lyalichi,,692658,Russia,7-(852)670-1489
847,Fiveclub,626 Dahle Lane,Alangalang,,6517,Philippines,63-(466)691-8723
848,Quinu,2 Northview Park,Longchiqiao,,,China,86-(500)575-1713
849,Brainlounge,687 Debra Way,Langxi,,,China,86-(686)923-6976
850,Eidel,34 Badeau Court,Chifeng,,,China,86-(665)740-0088
851,Snaptags,97055 Hermina Drive,Cai Doi Vam,,,Vietnam,84-(569)518-6421
852,Yata,888 Roxbury Street,Cabiao,,3107,Philippines,63-(538)310-0300
853,Kamba,806 Sugar Lane,Uddiawan,,3605,Philippines,63-(441)575-9082
854,Bubblemix,43967 Hoepker Court,Zalanga,,,Nigeria,234-(994)706-0238
855,Aimbo,6 Graedel Park,Peñal,,,Trinidad and Tobago,1-(806)120-7209
856,Ailane,87628 Novick Road,Sosnovyy Bor,,601808,Russia,7-(800)927-6999
857,Mydo,036 Tennessee Street,Lentisqueira,Coimbra,3070-235,Portugal,351-(941)458-9350
858,Kazio,1 Meadow Vale Road,São Roque,Ilha de São Miguel,9500-701,Portugal,351-(790)823-7565
859,Thoughtblab,225 North Lane,Karangagung Timur,,,Indonesia,62-(384)373-9909
860,Yabox,3437 Victoria Park,Nowshera,,43261,Pakistan,92-(406)992-1827
861,Livetube,6739 Lindbergh Point,Memaliaj,,,Albania,355-(627)446-0637
862,Snaptags,5755 Gerald Terrace,Las Animas,,,Chile,56-(279)276-2862
863,Omba,73 Schurz Park,Wangzuo,,,China,86-(679)753-4560
864,Jabbersphere,163 Crowley Street,Živinice,,,Bosnia and Herzegovina,387-(606)715-7460
865,Gabvine,28314 Petterle Avenue,Sandefjord,Vestfold,3220,Norway,47-(537)529-2347
866,Fivebridge,8 Porter Trail,Gubuk Daya,,,Indonesia,62-(322)324-6643
867,Lajo,8602 Tennyson Pass,Daveluyville,Québec,R3P,Canada,1-(877)289-9666
868,Skyndu,1674 Eagan Park,Buđanovci,,,Serbia,381-(159)811-7581
869,Skidoo,56823 International Hill,Dingqing,,,China,86-(228)889-3096
870,Camido,00319 Stone Corner Lane,Woodstock,Ontario,E7M,Canada,1-(399)686-1602
871,Yakidoo,19137 Goodland Drive,Adiaké,,,Ivory Coast,225-(252)820-7581
872,Photobug,92 Dovetail Crossing,Shuiying,,,China,86-(520)178-7100
873,Realmix,4088 Sunnyside Crossing,Thị Trấn Tân Yên,,,Vietnam,84-(233)304-7648
874,Thoughtstorm,40197 Jay Road,Verblyany,,,Ukraine,380-(578)789-4047
875,Kazu,68 Vidon Avenue,Pembroke,,PBK,Malta,356-(854)272-8768
876,Kaymbo,75 Manitowish Way,Titiakar,,,Indonesia,62-(462)907-3117
877,Buzzdog,6976 Arrowood Road,Mirpur Khas,,28031,Pakistan,92-(238)682-8665
878,Twitternation,25 Dixon Junction,Malabugas,,8723,Philippines,63-(385)779-1362
879,Bubblebox,838 Knutson Plaza,Tāybād,,,Iran,98-(585)956-0775
880,Rhybox,35 Haas Way,Ganjiachang,,,China,86-(616)600-5483
881,Yadel,06470 Towne Terrace,Ad Dawḩah,,,Palestinian Territory,970-(107)405-7381
882,Edgetag,59 Fair Oaks Lane,Nagpandayan,,4332,Philippines,63-(911)358-7683
883,Plambee,52 Algoma Junction,Sangzhen,,,China,86-(595)548-0628
884,Dynabox,0620 Magdeline Junction,Chashan,,,China,86-(406)120-1821
885,Zoovu,2 Sachs Place,Retenggoma,,,Indonesia,62-(697)611-6783
886,Yakitri,1 Mallard Parkway,Smara,,,Western Sahara,212-(239)744-5503
887,Zoozzy,5 Lotheville Terrace,Aquin,,,Haiti,509-(791)160-3488
888,Einti,39 Bellgrove Trail,Ubatuba,,11680-000,Brazil,55-(923)344-7094
889,Oozz,680 Hudson Plaza,Partang,,,China,86-(306)734-7281
890,Photolist,232 Kenwood Hill,Kutao,,,China,86-(598)156-1355
891,Jazzy,5 Caliangt Alley,Santa Rita do Passa Quatro,,13670-000,Brazil,55-(354)546-8269
892,Rhynyx,945 Monument Parkway,Przemęt,,64-234,Poland,48-(971)395-7191
893,Twiyo,19338 Merrick Crossing,Bhimbar,,10040,Pakistan,92-(288)156-2102
894,Vimbo,669 Dovetail Alley,Jāti,,73061,Pakistan,92-(113)659-8848
895,Tambee,4 Bonner Place,Pingdu,,,China,86-(399)170-3634
896,Devify,8 Spohn Road,Kap Choeng,,57210,Thailand,66-(491)229-2265
897,Shufflester,7336 Larry Crossing,Västerås,Västmanland,724 63,Sweden,46-(135)667-8206
898,Oyondu,612 Superior Road,Xingren,,,China,86-(929)419-0790
899,Vimbo,34790 Manley Place,Kirovs’k,,,Ukraine,380-(895)370-5821
900,Gabtype,4 Erie Plaza,Tân Châu,,,Vietnam,84-(852)179-3951
901,Katz,8553 Corscot Junction,Hengliang,,,China,86-(516)299-6666
902,Izio,5 Jenifer Park,Corcuera,,5514,Philippines,63-(629)677-0579
903,Tanoodle,17 Anthes Pass,Zhifudao,,,China,86-(613)366-1092
904,Skidoo,954 Blackbird Crossing,Dazu,,,China,86-(891)563-6196
905,Divanoodle,0790 Porter Terrace,Sanjia,,,China,86-(678)373-5364
906,Aimbo,34 Logan Avenue,Independencia,Michoacan De Ocampo,60070,Mexico,52-(656)815-8249
907,Jaxnation,37669 Springs Road,Lansing,Michigan,48930,United States,1-(517)426-8511
908,Kayveo,10217 Bluejay Street,Lukavec,,742 45,Czech Republic,420-(455)821-9674
909,Centidel,243 Birchwood Lane,Bhopālwāla,,51130,Pakistan,92-(713)637-0926
910,Bluezoom,7 Charing Cross Drive,Domanín,,593 01,Czech Republic,420-(273)360-8959
911,Gabtune,123 Dovetail Plaza,Pátmos,,,Greece,30-(135)574-2692
912,Flashpoint,72979 Union Point,Bonnyville,Alberta,T9N,Canada,1-(281)729-2147
913,Livetube,26517 Eliot Junction,Semīrom,,,Iran,98-(907)374-0773
914,Youfeed,34055 Green Ridge Street,Jiangzao,,,China,86-(990)396-2411
915,Bubblemix,0 Clemons Park,Shixiang,,,China,86-(805)125-8370
916,Geba,493 Comanche Road,Dongyangzhen,,,China,86-(436)649-0127
917,Mita,43396 Westerfield Parkway,Neuquén,,8300,Argentina,54-(283)342-9661
918,Brainbox,1082 Bluejay Trail,Sinhyeon,,,South Korea,82-(953)486-5895
919,Talane,4384 Lukken Drive,Léfka,,,Cyprus,357-(910)245-2422
920,Thoughtbridge,6 Kenwood Road,Dachun,,,China,86-(811)476-2807
921,Edgetag,12 Di Loreto Point,Gouping,,,China,86-(691)877-9160
922,Kazu,07 Sunbrook Place,Carthage,,,Tunisia,216-(299)235-2320
923,Mybuzz,93 Del Mar Lane,Asbestos,Québec,J1T,Canada,1-(884)791-5126
924,Quatz,095 Hanson Way,Qinglian,,,China,86-(893)774-2215
925,Myworks,83 Butternut Trail,Dibba Al-Fujairah,,,United Arab Emirates,971-(723)621-4986
926,Skimia,948 Graedel Lane,Selebi-Phikwe,,,Botswana,267-(662)804-8850
927,Meevee,75 Bonner Pass,Krajan Sumberanget,,,Indonesia,62-(790)223-1806
928,Devshare,075 Thierer Parkway,San Juan de Dios,,10303,Costa Rica,506-(543)198-9465
929,Podcat,470 Dakota Park,Yuzhno-Sukhokumsk,,368890,Russia,7-(980)619-7364
930,Wikibox,964 Sauthoff Lane,Granada,,5046,Philippines,63-(491)655-6168
931,Podcat,6 Erie Way,Na Thawi,,90160,Thailand,66-(259)402-6080
932,Ntags,8 Elka Alley,Fort Worth,Texas,76198,United States,1-(682)812-5775
933,Avamm,1 Kropf Terrace,Caba,,2502,Philippines,63-(131)404-7061
934,Oyoloo,6 Grover Way,Zhengyu,,,China,86-(106)173-5037
935,Edgewire,097 Service Parkway,Khallat ad Dār,,,Palestinian Territory,970-(867)264-8667
936,Ntags,34253 Northridge Park,Jieshou,,,China,86-(883)626-9116
937,Myworks,253 Superior Circle,Dongshui,,,China,86-(955)891-8407
938,Jayo,9 Everett Pass,Yessentukskaya,,357637,Russia,7-(889)875-0853
939,Riffwire,466 Maple Wood Center,Ignacio Zaragoza,Veracruz Llave,93470,Mexico,52-(136)652-4756
940,Jaloo,932 Basil Street,Maţarah,,,Yemen,967-(770)503-3574
941,Youbridge,87 Mayfield Place,Tílisos,,,Greece,30-(100)756-2733
942,Cogibox,6660 Eastwood Street,Siemiechów,,33-181,Poland,48-(550)383-4589
943,Wikivu,7 Fairview Junction,Miaoli,,,Taiwan,886-(910)866-5935
944,Dabshots,380 Forest Point,Aíyira,,,Greece,30-(203)225-2963
945,Ntags,84977 New Castle Plaza,Ḩalwān,,,Egypt,20-(478)100-2367
946,Trilia,17 School Terrace,KwaMbonambi,,3915,South Africa,27-(463)914-9406
947,Eare,34 Vahlen Drive,Magnitogorsk,,455051,Russia,7-(779)945-0955
948,Gigaclub,4 Messerschmidt Junction,Kuhmoinen,,17801,Finland,358-(890)510-6715
949,Skiptube,10 Wayridge Parkway,Corinto,,39200-000,Brazil,55-(532)714-1974
950,Camido,38751 Kings Circle,Dongyuan,,,China,86-(988)278-5421
951,Skinix,083 Boyd Place,Date,,949-8522,Japan,81-(546)655-2815
952,Zoomcast,76101 Autumn Leaf Way,Gaoqiao,,,China,86-(673)576-5968
953,Bluezoom,7635 Cordelia Place,Benito Juarez,Chihuahua,31770,Mexico,52-(938)277-2972
954,Quimm,1690 Summit Junction,Ozëry,,142152,Russia,7-(476)993-4758
955,Browsecat,53 Transport Parkway,Thị Trấn Mường Khến,,,Vietnam,84-(407)956-3495
956,Yakijo,41442 Hanover Park,Modderfontein,,1609,South Africa,27-(605)533-0885
957,Quinu,21450 Mccormick Drive,Yangkang,,,China,86-(651)376-6217
958,Fiveclub,1091 West Terrace,Praia do Ribatejo,Santarém,2260-100,Portugal,351-(279)114-8512
959,Wikibox,784 Dwight Crossing,Phôngsali,,,Laos,856-(973)882-5693
960,Eadel,65 International Road,Tsimasham,,,Bhutan,975-(706)368-5743
961,Skajo,03 Warrior Trail,Huangxikou,,,China,86-(697)415-2590
962,Quatz,1 Jackson Pass,Goianira,,75370-000,Brazil,55-(713)926-9016
963,Snaptags,25095 Porter Lane,Kongolo,,,Democratic Republic of the Congo,242-(301)565-8764
964,Realbuzz,67000 Lakewood Gardens Crossing,Tromsø,Troms,9037,Norway,47-(375)558-0392
965,Skaboo,535 Forster Lane,Morden,Manitoba,R6M,Canada,1-(277)131-7503
966,Oba,7 Kensington Road,Dungarvan,,T56,Ireland,353-(533)325-6123
967,Zooxo,52814 La Follette Park,Bell Ville,,2550,Argentina,54-(544)174-9953
968,Linkbridge,8830 Pawling Court,Pau,Aquitaine,64039 CEDEX,France,33-(484)330-0539
969,Divape,43 Acker Court,Zhili,,,China,86-(115)924-2998
970,Quatz,9 Anderson Hill,Koesan,,,South Korea,82-(219)763-7027
971,Oyoloo,770 Larry Drive,Vineuil,Centre,41355 CEDEX,France,33-(419)361-8377
972,Buzzbean,78 Marquette Way,Goworowo,,07-440,Poland,48-(884)879-6829
973,Livefish,730 La Follette Junction,Bogoria,,28-210,Poland,48-(329)351-5778
974,Skimia,91276 Everett Court,Tiegai,,,China,86-(245)197-8617
975,Reallinks,4704 Clove Trail,Värnamo,Jönköping,331 29,Sweden,46-(169)205-5523
976,Brainverse,103 Oak Valley Pass,Gaillac,Midi-Pyrénées,81604 CEDEX,France,33-(322)228-7642
977,Thoughtsphere,547 Sherman Lane,Nassarawa,,,Nigeria,234-(905)941-8300
978,Skajo,02237 Burrows Street,Cañas,,50601,Costa Rica,506-(831)821-4162
979,Meejo,89 Lerdahl Hill,Kannabechō-yahiro,,720-2417,Japan,81-(994)749-1556
980,Jaxspan,1 Forest Run Parkway,Keboncau,,,Indonesia,62-(397)550-2944
981,Voolith,6 Clarendon Court,Montigny-lès-Metz,Lorraine,57954 CEDEX,France,33-(152)168-7469
982,Jamia,74 Twin Pines Center,Lianhe,,,China,86-(400)514-8545
983,Gabspot,9779 Hoard Center,Rönninge,Stockholm,144 40,Sweden,46-(607)168-7235
984,Riffpath,06 Carberry Place,Wartburg,,3234,South Africa,27-(727)557-2848
985,Eabox,105 Warbler Terrace,Smederevska Palanka,,,Serbia,381-(374)551-2085
986,Babbleblab,9 Brown Plaza,Tiarei,,,French Polynesia,689-(346)480-3688
987,Yodo,53408 7th Terrace,Besuki Dua,,,Indonesia,62-(338)478-8963
988,Zoombox,063 Wayridge Junction,Yantak,,,China,86-(268)598-9663
989,Zava,600 Gateway Drive,Strasbourg,Alsace,67024 CEDEX 1,France,33-(347)931-0800
990,Skajo,756 Sutteridge Park,Paôy Pêt,,,Cambodia,855-(166)779-9629
991,Flashset,102 Rigney Avenue,Borogontsy,,678350,Russia,7-(381)847-6149
992,Wordware,65 Calypso Junction,Liyang,,,China,86-(160)630-2567
993,Dynazzy,6627 Tennessee Terrace,Albardón,,5419,Argentina,54-(355)174-8504
994,Digitube,70391 Jana Way,Nanlang,,,China,86-(318)763-9030
995,Tekfly,732 Mifflin Parkway,Petaling Jaya,Selangor,46791,Malaysia,60-(785)854-7740
996,Fivechat,748 Drewry Hill,Valday,,175419,Russia,7-(465)953-4251
997,Kwideo,72796 Mayfield Terrace,Jihui,,,China,86-(663)175-6896
998,Tagopia,73086 North Circle,Thabazimbi,,0500,South Africa,27-(907)800-0673
999,Dynava,38 Eagan Crossing,Piaski,,63-820,Poland,48-(340)376-2151
1000,Bubblemix,6 Nancy Avenue,Bartniczka,,87-321,Poland,48-(587)862-3636
