jboyd0@unc.edu,9SSUf0V5,Jane,Boyd,4/12/1994,F,08 Badeau Street,Colorado Springs,CO,80910,1-(719)781-7549
bhamilton1@free.fr,nOJz17ud89I,Benjamin,Hamilton,4/12/2001,M,41177 Mendota Hill,Chicago,IL,60636,1-(773)111-7976
charris2@clickbank.net,ovEjMxoG,Chris,Harris,1/22/1969,M,291 Roxbury Crossing,Roanoke,VA,24048,1-(540)270-0468
jscott3@histats.com,SHZRJd7M,Jean,Scott,5/18/1996,F,88 Upham Drive,Midland,TX,79705,1-(432)203-1891
cgreen4@blogger.com,2wkhKs7PFIV,Clarence,Green,11/3/1993,M,5564 Harbort Lane,El Paso,TX,88558,1-(915)862-7687
khoward5@go.com,htqbf0,Kathryn,Howard,6/2/1999,F,18 Kim Circle,New York City,NY,10079,1-(212)802-1016
wedwards6@hc360.com,mSelWvhqBF,William,Edwards,1/30/1960,M,71916 Pierstorff Place,Huntsville,AL,35815,1-(256)320-1463
mrose7@xrea.com,yARICJCa4U,Martha,Rose,1/23/1928,F,842 Holy Cross Road,Washington,DC,20540,1-(202)324-7110
slong8@omniture.com,nifgtvPKF,Steve,Long,4/16/1969,M,44279 Darwin Hill,Indianapolis,IN,46247,1-(317)607-7452
swilliams9@webs.com,PfduLjBc1nAe,Scott,Williams,12/16/1980,M,71614 Scoville Point,Tacoma,WA,98481,1-(253)902-9306
rjohnsona@nytimes.com,PrUvSvotJWWE,Ryan,Johnson,1/22/1924,M,09010 Gerald Trail,Pasadena,CA,91103,1-(626)794-3138
cgordonb@sfgate.com,aJSvEHRfF2d,Carol,Gordon,8/26/1985,F,09383 Union Terrace,Nashville,TN,37210,1-(615)302-6463
mgreenc@jalbum.net,4wtIIKV0A,Mark,Green,12/19/2001,M,70133 Lake View Point,Columbia,MO,65218,1-(573)495-2464
awrightd@imageshack.us,RBXlrWmlcdaa,Antonio,Wright,1/8/2006,M,13091 Mosinee Hill,Tacoma,WA,98442,1-(253)305-2633
rlewise@studiopress.com,SNyYFVoS,Rebecca,Lewis,8/29/1966,F,07269 Morningstar Place,Lincoln,NE,68524,1-(402)332-2117
astonef@godaddy.com,IUr3Uo,Albert,Stone,12/25/1970,M,89876 Knutson Place,Akron,OH,44321,1-(330)642-1484
wvasquezg@canalblog.com,8m6Ez5vkiVJ,Walter,Vasquez,2/8/1948,M,33199 Lakewood Court,Phoenix,AZ,85030,1-(602)792-0078
ealexanderh@npr.org,xJSEX1,Eric,Alexander,4/6/1942,M,237 Farwell Lane,Midland,TX,79710,1-(432)136-2551
cwarreni@pcworld.com,JPdibpPF,Catherine,Warren,9/10/1987,F,420 Bayside Road,Miami,FL,33283,1-(305)979-1329
jdayj@cbsnews.com,uLhZoSWmgr,Joshua,Day,2/10/1992,M,54 Center Trail,Mountain View,CA,94042,1-(650)841-4644
gwoodsk@indiegogo.com,mQdQ6sZtryJ,Gerald,Woods,6/27/1965,M,7 Scott Alley,Stockton,CA,95219,1-(209)761-9194
bmorenol@berkeley.edu,lW1ywAR4f9v9,Barbara,Moreno,3/26/2001,F,59 Melody Place,Fort Wayne,IN,46896,1-(260)641-9737
jjohnsonm@netlog.com,Zy8vU7,Jeffrey,Johnson,1/10/1982,M,68 Straubel Pass,Torrance,CA,90510,1-(818)431-0741
tleen@usgs.gov,qdlP6l,Todd,Lee,9/6/1930,M,89065 Goodland Street,Charlotte,NC,28225,1-(704)525-0883
cpayneo@mail.ru,3GrvCUXdh,Catherine,Payne,9/4/2000,F,108 John Wall Parkway,Alhambra,CA,91841,1-(626)300-6504
ssandersp@house.gov,wcmDkjoj,Sharon,Sanders,8/3/1964,F,54 Sugar Lane,Spring,TX,77388,1-(281)383-0520
vandrewsq@indiatimes.com,SrQtrlqvx06C,Victor,Andrews,9/22/1944,M,15 Sutherland Avenue,Jackson,TN,38308,1-(731)377-1310
emedinar@msu.edu,rfTFIm,Ernest,Medina,12/7/1923,M,012 Pierstorff Circle,Wichita,KS,67205,1-(316)720-1940
jmillss@sogou.com,nMGWbUr,Joe,Mills,7/27/1983,M,7 Claremont Place,San Francisco,CA,94142,1-(415)855-4781
jsmitht@squidoo.com,L0rJhdcXLr,Jeremy,Smith,7/18/1976,M,16 Knutson Alley,Norfolk,VA,23509,1-(757)225-7690
astephensu@stumbleupon.com,rcDoFQABO6,Adam,Stephens,3/24/1953,M,246 Cardinal Terrace,Las Cruces,NM,88006,1-(505)611-5267
srayv@imdb.com,cE5mNiAQiQWL,Sarah,Ray,12/17/2009,F,32 Nobel Plaza,Madison,WI,53716,1-(608)195-9061
dwatsonw@microsoft.com,owUgV97tb9e,Donna,Watson,12/20/1940,F,4186 Rusk Parkway,Las Vegas,NV,89130,1-(702)544-4563
khendersonx@illinois.edu,5XkQHJkiAp,Kimberly,Henderson,11/11/1993,F,22572 Browning Alley,San Francisco,CA,94159,1-(415)210-8278
jwallacey@vk.com,izkjY4,Juan,Wallace,2/14/1924,M,94 Morningstar Alley,Lubbock,TX,79491,1-(806)357-8103
achavezz@huffingtonpost.com,oH2pdw6xe5,Alan,Chavez,10/21/1936,M,89632 Burning Wood Pass,Washington,DC,20036,1-(202)424-3197
kfreeman10@craigslist.org,Bmy1ttbVPah,Kathleen,Freeman,1/28/1990,F,876 Cardinal Place,Killeen,TX,76544,1-(254)499-9992
jwalker11@google.it,K1tINSOtB,Joan,Walker,7/23/1989,F,065 Florence Circle,Tampa,FL,33615,1-(813)941-9729
jtaylor12@flavors.me,WOJQ3YGak,Jeffrey,Taylor,3/3/1989,M,0191 Stoughton Trail,Washington,DC,20551,1-(202)933-6493
pellis13@diigo.com,itaNpJr4zq,Philip,Ellis,10/1/1927,M,77 Iowa Hill,Fort Myers,FL,33906,1-(239)792-1713
chanson14@dailymotion.com,LRi6fjSC,Craig,Hanson,10/9/1951,M,04684 Forest Run Drive,Chicago,IL,60686,1-(312)236-3705
hcunningham15@apple.com,CWrukal1q,Helen,Cunningham,11/22/1951,F,056 Killdeer Alley,Montgomery,AL,36104,1-(334)551-1526
lmurphy16@linkedin.com,ARhfBXhH,Linda,Murphy,12/18/1923,F,31 John Wall Hill,Saint Paul,MN,55127,1-(612)544-2308
jlewis17@ifeng.com,uYGz96oAv,Jonathan,Lewis,2/4/1982,M,908 Menomonie Drive,Lexington,KY,40586,1-(859)151-0161
mlewis18@i2i.jp,mZe2k4GwLKT,Mildred,Lewis,6/9/1924,F,82261 Commercial Lane,College Station,TX,77844,1-(979)907-6392
fbell19@oaic.gov.au,uPuuFjuG,Frank,Bell,5/11/1949,M,297 Katie Park,Anaheim,CA,92805,1-(626)407-0742
tfields1a@blinklist.com,QGuttk1,Teresa,Fields,9/21/1962,F,38751 Warner Avenue,San Antonio,TX,78285,1-(210)309-6455
bpeters1b@stumbleupon.com,d6PW12CMJVK9,Bruce,Peters,8/15/1947,M,87 Northland Street,Monticello,MN,55585,1-(763)136-5913
kadams1c@jiathis.com,hFt4iKmLsM,Kelly,Adams,10/17/1932,F,4578 Hoffman Circle,San Antonio,TX,78285,1-(210)453-8993
vreid1d@hostgator.com,y1DMsnM6w,Victor,Reid,10/13/1951,M,97288 Northview Parkway,Paterson,NJ,07505,1-(973)686-1436
hpatterson1e@fema.gov,5NorMI,Henry,Patterson,4/17/1981,M,1974 Onsgard Alley,Newark,NJ,07188,1-(862)988-3883
cgarza1f@stanford.edu,bmJWgdFT,Chris,Garza,8/20/1965,M,93 Melrose Drive,Cincinnati,OH,45264,1-(513)382-3368
mgrant1g@cisco.com,QtzNyQt,Michelle,Grant,7/9/1959,F,48217 Hoffman Park,Wichita,KS,67230,1-(316)962-2880
nalvarez1h@biblegateway.com,xUmhVr8rm4VC,Nicole,Alvarez,10/13/1934,F,30 Hoepker Drive,Milwaukee,WI,53225,1-(414)377-1090
awest1i@nih.gov,vGbluI,Antonio,West,6/10/1992,M,02592 Coleman Point,Aiken,SC,29805,1-(803)545-4601
cbradley1j@mediafire.com,BCSPeq,Charles,Bradley,5/6/1932,M,98 Morning Parkway,Spartanburg,SC,29319,1-(864)287-8723
dharvey1k@prnewswire.com,IiGR1N,Deborah,Harvey,9/20/1995,F,0 Coolidge Hill,Milwaukee,WI,53205,1-(414)739-7466
bgilbert1l@patch.com,ApOMaUzmhEiP,Bonnie,Gilbert,2/12/1974,F,7590 Hanson Terrace,Garden Grove,CA,92844,1-(714)944-3410
rsullivan1m@twitpic.com,pHpGCF,Richard,Sullivan,8/6/1942,M,6124 Cherokee Court,Jamaica,NY,11499,1-(212)401-7413
scox1n@geocities.jp,dIL8TiVxS,Scott,Cox,12/20/1921,M,87 5th Road,Littleton,CO,80126,1-(303)302-1036
agreene1o@hhs.gov,H98lTDhHujX,Adam,Greene,9/27/1993,M,4508 Norway Maple Parkway,Brooklyn,NY,11215,1-(917)964-2547
fnichols1p@seattletimes.com,Mo4cJ5l1tN,Frances,Nichols,7/1/1928,F,9 Thierer Way,Visalia,CA,93291,1-(559)486-2421
emorrison1q@sitemeter.com,5fYwgjkjxXB,Earl,Morrison,12/24/1932,M,881 Anniversary Lane,Springfield,MA,01114,1-(413)769-4543
jfox1r@statcounter.com,Z4SfDrBSkyxk,Jimmy,Fox,5/3/1998,M,41409 Merrick Circle,Washington,DC,20022,1-(202)224-5373
jhawkins1s@uiuc.edu,5GLQJgNO,Justin,Hawkins,11/4/1986,M,6048 Fordem Pass,Washington,DC,20041,1-(703)933-0435
lross1t@netlog.com,96kxWoOwIi3v,Lori,Ross,5/12/2004,F,08859 Springs Junction,El Paso,TX,79955,1-(915)176-2197
jgordon1u@oracle.com,XPlKR4ys1f8,Jason,Gordon,3/14/1984,M,50241 Green Ridge Plaza,Louisville,KY,40250,1-(502)143-3569
scastillo1v@i2i.jp,KTeyypcrUU,Sarah,Castillo,12/27/1960,F,90 Pennsylvania Court,East Saint Louis,IL,62205,1-(618)111-6277
pmarshall1w@wiley.com,ehLii926Dx5n,Peter,Marshall,3/27/1931,M,4 3rd Court,Columbia,SC,29225,1-(803)487-1009
lholmes1x@nationalgeographic.com,zxRDPc93z9P,Laura,Holmes,4/13/2007,F,13 Shopko Lane,Jackson,MS,39236,1-(601)828-2639
rmccoy1y@mapy.cz,2YR73Fr8SLB,Rose,Mccoy,3/21/1986,F,4 Tennessee Plaza,Chicago,IL,60641,1-(630)179-8819
lrichards1z@bandcamp.com,ujJOryAaP1,Laura,Richards,1/7/1943,F,4434 Lighthouse Bay Hill,Stockton,CA,95210,1-(209)645-1981
pmarshall20@examiner.com,6ob83ZncdCB,Peter,Marshall,9/5/1985,M,5 Morrow Parkway,Alexandria,VA,22313,1-(571)972-3850
vknight21@google.ru,sRpKIO3H,Virginia,Knight,1/15/1984,F,3 Buena Vista Junction,Ridgely,MD,21684,1-(410)713-7397
asanders22@edublogs.org,xvUEr1Tx96zb,Ashley,Sanders,2/13/1997,F,44235 Mifflin Plaza,Boston,MA,02104,1-(318)683-8648
jbell23@ca.gov,UYJrAm,Justin,Bell,2/28/1927,M,57346 La Follette Pass,Seattle,WA,98195,1-(206)256-4539
aberry24@wordpress.org,pNwmBt2Inmp,Annie,Berry,3/27/1955,F,90 East Hill,Boston,MA,02298,1-(617)520-1291
salexander25@so-net.ne.jp,IAx4WSYfEjIV,Sara,Alexander,8/10/1930,F,17 Chinook Avenue,Jefferson City,MO,65110,1-(573)586-2403
talexander26@bravesites.com,ug6wQcnfw,Theresa,Alexander,6/14/1920,F,222 Village Green Drive,Fort Worth,TX,76198,1-(682)961-2177
jryan27@pen.io,3vVZaw7,Judy,Ryan,2/25/1943,F,020 Red Cloud Junction,Dallas,TX,75231,1-(214)459-4407
swest28@wunderground.com,9gaYnM1vWO,Sarah,West,10/8/1923,F,01902 Pawling Alley,Seattle,WA,98127,1-(206)969-7208
lgarcia29@sogou.com,uOvwVLXOTz,Lori,Garcia,3/27/1966,F,599 Independence Point,Lansing,MI,48901,1-(517)940-1356
jnguyen2a@t-online.de,mepN5sH3t,Julie,Nguyen,5/29/2001,F,953 Ramsey Lane,Woburn,MA,01813,1-(339)989-5229
jrichardson2b@ustream.tv,N4LGgNUZF1f,Joshua,Richardson,1/3/1965,M,472 Quincy Drive,New Bedford,MA,02745,1-(508)786-0647
dpeterson2c@1und1.de,AmhkY2ImmH3,Debra,Peterson,9/30/1920,F,7321 Moulton Center,Oklahoma City,OK,73190,1-(405)611-9163
dkelly2d@miibeian.gov.cn,vrpGhuBNafWH,Donna,Kelly,4/14/1977,F,41 West Circle,Orlando,FL,32819,1-(321)310-9731
aelliott2e@creativecommons.org,Vz1R3vbVruEy,Aaron,Elliott,10/17/1964,M,7662 Loeprich Trail,Grand Rapids,MI,49544,1-(616)487-9861
ghayes2f@hp.com,Pn3ascZEhV,Gary,Hayes,7/7/1942,M,8513 David Road,Oklahoma City,OK,73114,1-(405)837-0482
cross2g@independent.co.uk,NaDaJDxGfjv,Carol,Ross,8/10/1931,F,43506 Sachs Crossing,Houston,TX,77070,1-(281)562-6864
rross2h@sfgate.com,nfZC9CagIZn,Roger,Ross,4/4/1930,M,30173 Londonderry Point,Lakeland,FL,33805,1-(863)249-3716
jgilbert2i@reuters.com,CGPn9x,Janice,Gilbert,9/29/1945,F,8792 Morningstar Alley,Richmond,VA,23203,1-(804)693-7846
lromero2j@blogs.com,81NeMecOlQG0,Laura,Romero,6/30/1997,F,53 Eagle Crest Place,Washington,DC,20041,1-(703)488-0913
rmcdonald2k@imageshack.us,CvzNTvKbfe,Randy,Mcdonald,8/22/2005,M,0 Lerdahl Trail,Gainesville,FL,32605,1-(352)429-8127
dwatkins2l@auda.org.au,lI42DfS7x3,Doris,Watkins,12/1/1921,F,9747 Sundown Point,Grand Rapids,MI,49560,1-(616)711-9514
clawrence2m@newyorker.com,XfDHOcJBzlHS,Carolyn,Lawrence,7/29/1928,F,22 Fairview Park,Lafayette,LA,70593,1-(337)346-9266
jday2n@indiatimes.com,thT0cOBgt,Jose,Day,11/13/1948,M,370 Sutteridge Hill,New York City,NY,10019,1-(212)714-6982
amatthews2o@networkadvertising.org,kCDDlV6Uz72,Aaron,Matthews,8/25/1981,M,5563 Green Ridge Circle,Waco,TX,76705,1-(254)900-7379
bmorales2p@spotify.com,nCH2XjIyw,Brandon,Morales,6/2/2001,M,39859 Hintze Place,Orlando,FL,32859,1-(407)673-8409
dlewis2q@cyberchimps.com,iQm9OSoDCv,Daniel,Lewis,12/3/1989,M,80569 Hovde Terrace,Knoxville,TN,37939,1-(865)667-5164
pmyers2r@thetimes.co.uk,jTBuMD7W69O2,Paul,Myers,1/29/1934,M,2914 Kinsman Court,Tallahassee,FL,32304,1-(850)599-9427
cgomez2s@biglobe.ne.jp,8oqRn3Gg,Carol,Gomez,5/1/1925,F,98218 Miller Terrace,Shreveport,LA,71105,1-(318)217-6911
aday2t@spotify.com,F3otnemJ,Anthony,Day,12/1/1978,M,95 Valley Edge Alley,Anchorage,AK,99507,1-(907)331-5303
jchavez2u@independent.co.uk,ubqAzSPcR6,Judy,Chavez,6/3/1991,F,1038 Victoria Point,Santa Fe,NM,87505,1-(505)814-0351
rolson2v@webnode.com,9c032v6W9qey,Raymond,Olson,6/16/1976,M,1 Bashford Road,El Paso,TX,88589,1-(915)154-1546
bward2w@edublogs.org,egVA5tCb41lA,Beverly,Ward,2/13/1951,F,3411 Muir Avenue,Lexington,KY,40596,1-(859)240-4657
pstevens2x@state.tx.us,49dh0Ti,Peter,Stevens,8/1/1926,M,203 Golf Course Place,Fort Lauderdale,FL,33355,1-(754)495-6836
pstanley2y@multiply.com,6YJqbiOjb,Peter,Stanley,5/12/1936,M,01671 Upham Pass,Jacksonville,FL,32209,1-(904)985-5280
mmarshall2z@independent.co.uk,ANeu9HRZf,Mark,Marshall,12/4/2001,M,40 Mayer Point,Richmond,VA,23277,1-(804)158-7450
wpowell30@adobe.com,QV7JZv,Willie,Powell,9/6/1976,M,6113 Vermont Circle,El Paso,TX,79994,1-(915)611-0056
thawkins31@prweb.com,zEIfww,Tammy,Hawkins,9/15/1990,F,0 Warbler Junction,Saint Louis,MO,63136,1-(314)649-8559
jbarnes32@soundcloud.com,FdgszbXE,Jessica,Barnes,7/28/1975,F,29721 Schiller Avenue,Athens,GA,30610,1-(706)683-6465
jgutierrez33@spotify.com,o8vMTzvTFeEk,Jacqueline,Gutierrez,7/29/1977,F,19 Shasta Parkway,Bradenton,FL,34205,1-(941)872-1879
wwright34@howstuffworks.com,0IeV1Eh1,Wayne,Wright,5/15/1982,M,7 Bashford Place,Marietta,GA,30066,1-(770)122-9913
nallen35@twitter.com,KdxfIMLryTn,Nicole,Allen,11/27/1995,F,4532 Summer Ridge Place,Wichita,KS,67205,1-(316)892-2691
dwilliams36@scribd.com,ZzizmtEnO,Douglas,Williams,2/25/2000,M,836 7th Place,El Paso,TX,79999,1-(915)603-9716
jcarter37@home.pl,ppmBJS,Julia,Carter,2/27/1961,F,899 Glendale Trail,Austin,TX,78721,1-(512)147-0175
pgraham38@1und1.de,GIhrcT3e,Patricia,Graham,4/3/1951,F,6007 Pankratz Crossing,Newark,DE,19725,1-(302)940-0274
pmartin39@tmall.com,TB64Dib,Paul,Martin,5/6/1985,M,018 Twin Pines Drive,Minneapolis,MN,55402,1-(651)291-5380
rriley3a@goo.gl,43e4dZ,Rebecca,Riley,4/28/1963,F,5 Declaration Lane,Lynn,MA,01905,1-(617)952-5649
jlong3b@behance.net,TON5dyncCN9x,Joyce,Long,10/9/1959,F,2814 Merry Crossing,San Antonio,TX,78260,1-(210)143-5586
lkelley3c@vistaprint.com,C3j6JFAj,Louis,Kelley,9/28/1994,M,878 Graceland Junction,Huntington,WV,25770,1-(304)368-2493
ksanchez3d@rediff.com,siDJkGdwS3Xc,Kevin,Sanchez,9/21/1958,M,92 Banding Street,Richmond,VA,23293,1-(804)387-2598
rfuller3e@cafepress.com,sycDkmszaw,Rebecca,Fuller,10/22/1931,F,6997 Hollow Ridge Pass,New Haven,CT,06520,1-(203)714-2479
wcarter3f@google.ca,pUrEL09Wy,Willie,Carter,8/8/1947,M,9082 New Castle Park,Lubbock,TX,79452,1-(806)468-0937
jwillis3g@java.com,NRmDX5x63,Jane,Willis,9/10/1930,F,99 Bayside Way,New York City,NY,10175,1-(212)210-0433
ncruz3h@usnews.com,yZ6fQc4,Nicole,Cruz,10/22/1992,F,099 Waywood Drive,Philadelphia,PA,19146,1-(215)537-6891
gdavis3i@aol.com,dfOhvTb9em,Gregory,Davis,5/24/1942,M,5 Almo Junction,Saint Joseph,MO,64504,1-(816)262-1558
swest3j@sina.com.cn,GI7ObCZkM,Sarah,West,7/13/1951,F,4 Fisk Crossing,Falls Church,VA,22047,1-(571)461-8567
dmeyer3k@goo.gl,HFy53WYYhHR2,David,Meyer,2/2/1934,M,74 David Drive,Salt Lake City,UT,84125,1-(801)792-0599
jhayes3l@yellowbook.com,rCfs60aGS8,Jason,Hayes,4/4/1989,M,3302 Coleman Center,Bronx,NY,10459,1-(917)725-8664
bwilliamson3m@pbs.org,uf4BDa,Benjamin,Williamson,2/18/1948,M,89937 Coleman Drive,Washington,DC,20088,1-(202)141-3310
jmitchell3n@ebay.com,ybaWv4SLB1v,Jerry,Mitchell,4/18/1990,M,29 Gina Pass,Salt Lake City,UT,84170,1-(801)248-8450
edavis3o@wp.com,hOA0Pl1bN,Elizabeth,Davis,4/23/1953,F,62166 Knutson Alley,Buffalo,NY,14276,1-(716)178-3041
jfreeman3p@wsj.com,uYWt7Rvdqr6u,Jesse,Freeman,12/7/1944,M,17 Miller Plaza,Bellevue,WA,98008,1-(425)930-3580
kross3q@redcross.org,t3vXHHVR,Karen,Ross,5/14/1955,F,3830 Dixon Road,New York City,NY,10105,1-(212)141-4848
mperkins3r@amazon.de,vzInYx,Marilyn,Perkins,4/6/1988,F,53220 Meadow Valley Crossing,Manchester,NH,03105,1-(603)166-8230
khenderson3s@apple.com,FQEJ49iw5IC,Kathleen,Henderson,1/8/1980,F,06880 Wayridge Parkway,Washington,DC,20067,1-(202)696-9078
jrice3t@columbia.edu,uJ33vOSUv0R,Julia,Rice,2/26/1955,F,0269 Chive Pass,Baltimore,MD,21281,1-(410)409-3653
candrews3u@usnews.com,Hy49bBEYF,Christopher,Andrews,4/21/2006,M,3840 Stang Parkway,Raleigh,NC,27605,1-(919)633-1425
enichols3v@printfriendly.com,xnWzkvGg5zX,Eric,Nichols,11/9/1990,M,476 Talisman Trail,Pasadena,CA,91109,1-(818)923-8742
cmarshall3w@tinyurl.com,6NEqHeyad9,Craig,Marshall,11/29/2001,M,4 Packers Terrace,Pueblo,CO,81005,1-(719)140-4548
rburns3x@i2i.jp,XVnuD1NelFt,Rose,Burns,2/26/1996,F,1 Norway Maple Junction,Houston,TX,77070,1-(713)915-7968
gbutler3y@theatlantic.com,kmKnV44m,Gary,Butler,12/18/2001,M,9361 1st Center,Mobile,AL,36610,1-(251)218-4900
lsims3z@about.me,phO41rt,Lillian,Sims,7/23/1948,F,39761 Kenwood Way,Saint Paul,MN,55103,1-(651)874-3855
rjohnston40@naver.com,ZcNIkW,Ronald,Johnston,12/18/1985,M,642 Annamark Place,Oklahoma City,OK,73167,1-(405)391-8996
jshaw41@naver.com,xObYDfkhfr,Jerry,Shaw,1/1/1968,M,139 Milwaukee Hill,Boston,MA,02203,1-(617)461-3715
cgray42@mozilla.com,ekfDQXVY7,Catherine,Gray,5/4/2001,F,69 Dottie Plaza,Saint Paul,MN,55115,1-(763)754-3192
dwilliamson43@washington.edu,0MCXpMH3g,Donna,Williamson,4/3/1992,F,8033 Meadow Vale Street,Brooklyn,NY,11231,1-(917)895-6598
jhall44@toplist.cz,0D6MiJvyHi,Jesse,Hall,9/24/1997,M,1085 Farragut Plaza,Philadelphia,PA,19146,1-(215)239-7755
garnold45@t.co,YvHeAPw,George,Arnold,8/9/1973,M,98271 Reinke Lane,Long Beach,CA,90840,1-(562)597-0916
rhamilton46@hatena.ne.jp,PKlrb2zY9YG,Rachel,Hamilton,4/11/2003,F,84 Lillian Terrace,Richmond,VA,23277,1-(804)183-1656
crobertson47@de.vu,ErrH7WEh,Catherine,Robertson,3/25/1993,F,7 Manitowish Lane,Levittown,PA,19058,1-(267)186-8258
jwarren48@prweb.com,NoBSu98RqBk,Jack,Warren,5/23/1935,M,98698 Columbus Junction,San Diego,CA,92160,1-(619)705-1623
gperez49@disqus.com,Za33VG,Gary,Perez,11/11/1970,M,9552 Reindahl Plaza,Brooklyn,NY,11220,1-(718)349-9545
kkim4a@hatena.ne.jp,y3deawynk,Kathryn,Kim,1/3/1942,F,13 Blaine Junction,Newton,MA,02162,1-(508)501-2819
efranklin4b@zimbio.com,FBr2Cv,Evelyn,Franklin,10/2/1992,F,07589 Columbus Alley,Houston,TX,77050,1-(281)513-2227
mjenkins4c@walmart.com,VRtt5C,Martha,Jenkins,8/26/1985,F,25796 Schurz Lane,Little Rock,AR,72231,1-(501)480-1822
dgilbert4d@berkeley.edu,ysDur4TGX,Douglas,Gilbert,4/2/1951,M,4 Gerald Drive,New Haven,CT,06505,1-(203)434-1758
jperry4e@omniture.com,6yhku4ivpCPE,Judith,Perry,7/27/2001,F,1 School Plaza,Philadelphia,PA,19151,1-(610)703-4340
lwalker4f@diigo.com,szhGaBHNM,Lori,Walker,7/2/1965,F,2 Thompson Center,El Paso,TX,79916,1-(915)829-3444
ahughes4g@si.edu,hU9X7v,Adam,Hughes,4/28/1993,M,4 Garrison Drive,Houston,TX,77234,1-(713)143-7197
sramirez4h@redcross.org,CidjWnuTiLg,Sean,Ramirez,4/27/1963,M,97 Randy Junction,San Diego,CA,92127,1-(619)722-9800
lberry4i@dailymotion.com,sjxcjA,Louise,Berry,1/16/1932,F,2 Butternut Trail,San Antonio,TX,78250,1-(210)804-2155
bmorris4j@geocities.jp,XmUnuM61Lhq,Brandon,Morris,8/21/1977,M,15752 Starling Crossing,Gatesville,TX,76598,1-(254)830-4389
kandrews4k@seesaa.net,iROU50,Kenneth,Andrews,6/28/2009,M,4788 Mesta Road,Bridgeport,CT,06673,1-(203)431-2254
grobinson4l@blogtalkradio.com,TFDDO6QGXBrD,Gary,Robinson,6/19/1952,M,619 Clove Terrace,Atlanta,GA,30328,1-(770)708-3775
cthomas4m@odnoklassniki.ru,7mUGAYIWM,Charles,Thomas,11/16/1972,M,24 Acker Center,San Diego,CA,92115,1-(619)465-3093
iclark4n@wikimedia.org,rKiUIpmUsu,Irene,Clark,1/1/1999,F,52 Shopko Plaza,Van Nuys,CA,91406,1-(310)947-7966
lrussell4o@artisteer.com,Mkr6V1W,Lori,Russell,2/17/1941,F,652 Sloan Hill,Cleveland,OH,44130,1-(440)907-2063
cburton4p@amazon.co.jp,0ES6nbaLTu,Carl,Burton,10/4/1959,M,34753 Duke Court,Rochester,MN,55905,1-(507)688-4199
sdiaz4q@ihg.com,YQWd2u5KE9,Steve,Diaz,5/31/2001,M,15467 5th Junction,Saint Louis,MO,63121,1-(314)509-7483
jflores4r@yale.edu,VXLyFk,John,Flores,7/12/1986,M,2579 Steensland Way,El Paso,TX,79945,1-(915)171-3247
kfisher4s@hao123.com,r7VRsncU1,Kelly,Fisher,2/19/1950,F,1957 Bluejay Pass,El Paso,TX,79928,1-(915)137-3821
tlittle4t@simplemachines.org,cAyYSh5,Tammy,Little,1/20/1966,F,383 Schurz Way,Columbus,GA,31998,1-(706)788-7047
jmedina4u@gmpg.org,ao6A6R2Ns7X,Jonathan,Medina,6/27/1939,M,58457 Norway Maple Terrace,Warren,OH,44485,1-(330)925-7154
jholmes4v@theglobeandmail.com,NDEkFYPZ,Julia,Holmes,11/5/2004,F,18 Butternut Parkway,Columbus,OH,43220,1-(614)791-4691
eruiz4w@gizmodo.com,uL6TxI,Eric,Ruiz,12/3/1974,M,59 Charing Cross Junction,Lincoln,NE,68505,1-(402)232-9469
mdixon4x@wikimedia.org,i7yWwX8QEz,Marie,Dixon,6/7/1957,F,09714 Kropf Place,Anchorage,AK,99517,1-(907)264-5991
lmoore4y@salon.com,4cURZ8t3gq,Lawrence,Moore,8/1/1993,M,2716 Mitchell Center,Colorado Springs,CO,80925,1-(719)413-3260
mrichards4z@slideshare.net,kIC3Lndyzb,Michael,Richards,9/8/1950,M,740 Brown Circle,North Port,FL,34290,1-(941)269-9613
jlawrence50@howstuffworks.com,TvtyCD,James,Lawrence,3/24/1971,M,21158 Vernon Circle,Pittsburgh,PA,15266,1-()320-4824
rbowman51@google.nl,oqmqHVIWE,Robin,Bowman,7/14/1934,F,701 Eliot Avenue,El Paso,TX,88569,1-(915)460-8886
dwagner52@adobe.com,3yKLPOMwGy,Dorothy,Wagner,6/17/2004,F,4 Doe Crossing Place,Huntington,WV,25709,1-(304)915-9173
tcox53@google.nl,b7VhDZwWM7w,Tammy,Cox,11/7/2001,F,0977 Gerald Center,Orlando,FL,32891,1-(407)770-2529
thart54@sogou.com,QHfr2uY2dk,Theresa,Hart,8/10/1966,F,7125 Crescent Oaks Plaza,Portland,OR,97286,1-(503)939-5261
nperez55@squarespace.com,WLNcLhyr,Norma,Perez,12/8/1966,F,2 Scofield Plaza,Albuquerque,NM,87195,1-(505)807-7625
rreed56@stumbleupon.com,ALa3tQR,Robert,Reed,2/1/2007,M,2 Charing Cross Street,Paterson,NJ,07522,1-(973)131-1357
bharvey57@nytimes.com,Tk8M27,Brandon,Harvey,12/7/1962,M,053 Loomis Plaza,Pittsburgh,PA,15261,1-(412)521-2866
cfoster58@biglobe.ne.jp,psZo0SIr,Catherine,Foster,6/14/2008,F,7163 Division Circle,Saint Louis,MO,63169,1-(314)477-2191
acole59@last.fm,CEB4aIEk,Arthur,Cole,5/6/1941,M,795 Fisk Place,Rochester,NY,14646,1-(585)769-6624
cbailey5a@wufoo.com,RabjJ2G,Christine,Bailey,5/14/1965,F,97 Boyd Trail,Sioux Falls,SD,57110,1-(605)552-7859
rmcdonald5b@fc2.com,L1C9Kk4pj1jK,Rachel,Mcdonald,9/9/1994,F,6 Erie Parkway,Vancouver,WA,98682,1-(360)252-1349
pwagner5c@jimdo.com,egPwFg,Patrick,Wagner,3/6/1984,M,2370 Old Shore Terrace,Van Nuys,CA,91411,1-(213)577-1064
schapman5d@upenn.edu,HNRyFyBW9faN,Steven,Chapman,12/22/1960,M,0 Northfield Lane,Phoenix,AZ,85045,1-(602)748-2347
mdean5e@webnode.com,P7XNy7,Mildred,Dean,11/21/1948,F,5598 Northland Alley,Fort Wayne,IN,46805,1-(260)250-8378
showard5f@addtoany.com,f735OVvS5h,Shirley,Howard,9/22/1982,F,94 Swallow Junction,Minneapolis,MN,55423,1-(218)247-8245
jreyes5g@samsung.com,XpN60Nu1kxo,Jane,Reyes,10/27/1996,F,83 Westport Alley,Cleveland,OH,44125,1-(216)656-6024
kpowell5h@netscape.com,sjRJAv,Keith,Powell,2/3/1977,M,58 Manufacturers Hill,Fort Lauderdale,FL,33336,1-(754)212-2101
hpatterson5i@vinaora.com,WKx9y5q,Helen,Patterson,9/30/1943,F,234 Graceland Way,Montgomery,AL,36109,1-(334)544-0256
smoreno5j@independent.co.uk,Ln6EiFv,Steven,Moreno,9/3/1965,M,809 Towne Street,Louisville,KY,40256,1-(502)478-5381
